2021-11-21 23:56:14+00:00,1462570580775821313,BukanBuTejo,"b'@txtdaritekno Gak usah sok keren data bocor di darkweb, karena warga negara udah sering kebocoran data ktp &amp; KK di\xe2\x80\xa6 https://t.co/aoqcv0rU1M'"
2021-11-21 23:21:58+00:00,1462561958729695236,fadjar semiarto,"b'RT @KaredokLeunca__: Data base mabes polri di hack.!\nData anggota berkasus bocor,\nAda 3 nama jendral di dalamnya.\nKok bisa? Mudah amat di b\xe2\x80\xa6'"
2021-11-21 16:35:53+00:00,1462459765494214661,Syan~GA ALBUM~CEK PINNED,b'@ameamakunai Bisa aja email kak ame bocor trus ada nomornya yang nyambung(?) ke emailnya. Mending cari di getcontac\xe2\x80\xa6 https://t.co/6uTJBY56Vs'
2021-11-21 14:52:08+00:00,1462433655008030720,Ivoox Indonesia,b'Data yang Bocor Berpotensi Disalahgunakan Pelaku Terorisme https://t.co/89OI5jwAyX'
2021-11-21 14:41:13+00:00,1462430907277529095,ü¶à SUROBOYOFESS üêä,b'Kok data lu bocor yaa?? Hmm isok ae lak mbujuki -rek https://t.co/kaxaeuCZAb'
2021-11-21 14:25:57+00:00,1462427066125602825,nindaa üéÄ,"b'RT @Nerokumaaa: Yep udah lama pengen goreng kasus scamming variant baru yang ngemanfaatin data bocor dari salah satu e-commerce ini, berhub\xe2\x80\xa6'"
2021-11-21 11:44:12+00:00,1462386359386222594,Aktual Official,b'CISSReC Sebut Data Pribadi Bocor Bisa Digunakan\xc2\xa0Teroris https://t.co/jFvxMfEYlH'
2021-11-21 11:42:20+00:00,1462385889565282304,dracan,"b'@jeniushelp @yosimadsu Nasabah terpedaya karena data bocor halus, kirain bank beneran terpercaya ternyata cuma bisa ngeles, jebakan betmen'"
2021-11-21 11:13:07+00:00,1462378536648339458,Yukeva,"b'Banyak banget lho risiko dari data pribadi yang bocor. Makanya Sobat Keva harus hati-hati jaga data pribadi, jangan\xe2\x80\xa6 https://t.co/qn1o91UDlr'"
2021-11-21 10:59:37+00:00,1462375139069231105,Yolan,b'RT @KompasTV: CISSReC: Teroris Pakai Data WNI yang Bocor untuk Rekrut Anggota Baru https://t.co/mbNOaQvx3v https://t.co/Z7v26Avonj'
2021-11-21 10:35:14+00:00,1462369002244558849,h. joyobroto|,b'RT @KompasTV: CISSReC: Teroeroris Pakai Data WNI yang Bocor untuk Rekrut Anggota Baruris Pakai Data WNI yang Bocor untuk Rekrut Anggota Baru https://t.co/mbNOaQvx3v https://t.co/Z7v26Avonj'
2021-11-21 10:00:20+00:00,1462360222295465986,ùîΩùîºùîªùîªùïê,b'RT @KompasTV: CISSReC: T https://t.co/mbNOaQvx3v https://t.co/Z7v26Avonj'
2021-11-21 09:57:13+00:00,1462359435855089666,Jatiasih‚Ñ¢,b'RT @KompasTV: CISSReC: Teroris Pakai Data WNI yang Bocor untuk Rekrut Anggota Baru https://t.co/mbNOaQvx3v https://t.co/Z7v26Avonj'
2021-11-21 09:52:16+00:00,1462358191551877125,wawanfahmi123,b'RT @KompasTV: CISSReC: Teroris Pakai Data WNI yang Bocor untuk Rekrut Anggota Baru https://t.co/mbNOaQvx3v https://t.co/Z7v26Avonj'
2021-11-21 09:48:03+00:00,1462357130640441346,KOMPAS TV,b'CISSReC: Teroris Pakai Data WNI yang Bocor untuk Rekrut Anggota Baru https://t.co/mbNOaQvx3v https://t.co/Z7v26Avonj'
2021-11-21 09:32:35+00:00,1462353235453173760,ANTARA Lampung,b'Data bocor dapat digunakan oleh pelaku terorisme\n\nhttps://t.co/PIZ2VZRvK7'
2021-11-21 08:27:23+00:00,1462336827763744768,by,b'@isekaiu Lagi perbaikan kali bok gara2 data ktp bocor'
2021-11-21 06:55:52+00:00,1462313797788463109,Cendana News,b'Data Bocor Bisa Digunakan Oleh Pelaku\xc2\xa0Terorisme https://t.co/nm0MLlWvDj'
2021-11-21 06:42:39+00:00,1462310471600533504,Zanet,b'Gilaa ada yang ngaku pinjol nelp ke mutual twitter gw yang sama sekali gw gakpunya nomernya. Tapi dia tau nama leng\xe2\x80\xa6 https://t.co/Tu0DQV84wJ'
2021-11-21 06:29:12+00:00,1462307084930719752,My pinnedüìå It's a,"b'RT @s_dday: @bertanyarl gini ya, tiap kalian pasang app baru dihp pasti dimintain persetujuan buat terhubung dengn apapun dihp kalian kan?\xe2\x80\xa6'"
2021-11-21 05:27:24+00:00,1462291533974044678,daddy,"b'@bertanyarl Buat temen2 pengguna smartphone, gak usah takut data kita bocor, ya karena emang udah bocor.'"
2021-11-21 04:39:32+00:00,1462279488390135811,# aiy,"b'@bertanyarl gini ya, tiap kalian pasang app baru dihp pasti dimintain persetujuan buat terhubung dengn apapun dihp\xe2\x80\xa6 https://t.co/wH9n8LbNEB'"
2021-11-21 02:21:31+00:00,1462244754180042758,dracan,"b'@ariemay15 @nisa_rah @JeniusConnect @jeniushelp Algoritma apa, bisa jelasin dg sederhana?\n\nSesuatu yang begitu sede\xe2\x80\xa6 https://t.co/Wx3D5MMnsV'"
2021-11-21 02:16:24+00:00,1462243469238304768,Ivoox Indonesia,"b'Data Pribadi Bocor, Lembaga BersangkutanHarus Ditindak Tegas https://t.co/nlQ4LXODRN'"
2021-11-21 01:37:38+00:00,1462233711538180102,üíº KARIRFESS | ON ‚ö°,b'kr! debit yg bisa paypal dan aman buat simpen gaji dan data kita gak pernah bocor apa ya guys? aku lg milih2 krn udh pny bc*'
2021-11-20 21:48:48+00:00,1462176124943753218,Bobby Ibrahim,"b'RT @jawapos: Situs Diretas Lagi, Data sampai Pelanggaran Anggota Polri Bocor https://t.co/6cN6Fmrw1C'"
2021-11-20 21:48:47+00:00,1462176118354571266,Bobby Ibrahim,"b'RT @suaradotcom: Peretasan yang dilakukan pun beragam mulai dari pengubahan penampilan (deface), mengubah menjadi situs judi online bahkan\xe2\x80\xa6'"
2021-11-20 17:54:57+00:00,1462117273133457412,finnschters,b'@nectrar iya ya jd waswas jg soalnya...jd inget kmrn dulu pernah ada berita data bocor jg kan ya'
2021-11-20 15:58:28+00:00,1462087957993512961,Hmm gitu,"b'RT @Nerokumaaa: Yep udah lama pengen goreng kasus scamming variant baru yang ngemanfaatin data bocor dari salah satu e-commerce ini, berhub\xe2\x80\xa6'"
2021-11-20 15:54:35+00:00,1462086981052035078,ANTARASULSEL.Com,b'Mantan Kabais: Perlu ada aturan sanksi bagi institusi pengumpul data jika bocor https://t.co/iGseaz3tJR'
2021-11-20 15:50:30+00:00,1462085956517842949,Choerul Umam,"b'RT @__o000BlockL0c: Kalau Jendralnya jendral Meja, ya begini..anak buah keburu mati, dianya masih mikirin strategi, mati semua, baru gilira\xe2\x80\xa6'"
2021-11-20 15:45:23+00:00,1462084665750130693,Ô∏é Ô∏é Ô∏é Ô∏é Ô∏é,"b'RT @__o000BlockL0c: Kalau Jendralnya jendral Meja, ya begini..anak buah keburu mati, dianya masih mikirin strategi, mati semua, baru gilira\xe2\x80\xa6'"
2021-11-20 14:46:10+00:00,1462069765287993347,_L0c@L6880,"b'Kalau Jendralnya jendral Meja, ya begini..anak buah keburu mati, dianya masih mikirin strategi, mati semua, baru gi\xe2\x80\xa6 https://t.co/EZwR3Hx35M'"
2021-11-20 13:19:27+00:00,1462047942873804812,commentator,b'@DivHumas_Polri Knp hanya Debt Collector saja?\n\nKalau data kita di #PeduliLindungi bocor dan di salahgunakan?'
2021-11-20 10:23:55+00:00,1462003768107536384,adul,"b'RT @OposisiCerdas: Database Polri Kena Hack, Semua Data Polisi Berkasus Bocor, Ada 3 Jenderal\nhttps://t.co/NVOOdsDvo8'"
2021-11-20 09:30:03+00:00,1461990210867118083,Irene Ang,"b'RT @Irene_Ang2: Database Polri Kena Hack,\nSemua Data Polisi Berkasus Bocor, Ada 3 nama Jenderal didalamnya\nhttps://t.co/DP0iXfzEJr\n\nHhhhmmm\xe2\x80\xa6'"
2021-11-20 09:27:18+00:00,1461989518509154307,Tukang Kayu Presiden Negara Republik Ruwetnesia,"b'RT @Irene_Ang2: Database Polri Kena Hack,\nSemua Data Polisi Berkasus Bocor, Ada 3 nama Jenderal didalamnya\nhttps://t.co/DP0iXfzEJr\n\nHhhhmmm\xe2\x80\xa6'"
2021-11-20 08:50:32+00:00,1461980268026204161,antaranews.com,b'Mantan Kabais: Perlu sanksi bagi institusi pengumpul data jika bocor https://t.co/R4FjvlWVgE'
2021-11-20 08:41:12+00:00,1461977916707799044,pasha,"b'katanya kampus IT terbaik, tapi bisa bisanya data mahasiswa di studentsite malah bocor. the best lah goendar'"
2021-11-20 08:08:02+00:00,1461969570768457730,CISSReC,"b'28.000 Data Polri Disebut Bocor, Ini Analisis Pengamat https://t.co/VxaWbRULdr'"
2021-11-20 08:07:54+00:00,1461969537293701120,Bayu Gusdyarto,b'Ada pipa pdam bocor di jembatan dekat makam romokalisari benowo @PDAMSurabaya\nPin dipasang\nhttps://t.co/TFWaWlSGDC'
2021-11-20 07:27:58+00:00,1461959489226035201,Indah sri wahyuni,"b'RT @Irene_Ang2: Database Polri Kena Hack,\nSemua Data Polisi Berkasus Bocor, Ada 3 nama Jenderal didalamnya\nhttps://t.co/DP0iXfzEJr\n\nHhhhmmm\xe2\x80\xa6'"
2021-11-20 07:25:33+00:00,1461958879135240193,Jawa Pos,"b'Data Polri Diduga Bocor, Pakar Nilai Perlu Investigasi Serius https://t.co/Cid4K2ua1P'"
2021-11-20 07:09:58+00:00,1461954956685025283,Taufiq A. Utomo,b'@sbmptnfess yang bocor ke publik cuma data tahun 2019. saintek: https://t.co/HkpoEFjK2U soshum: https://t.co/uKCs4PNGvw'
2021-11-20 05:53:47+00:00,1461935783967821832,Arie May,"b'@dr4gonc4n @nisa_rah @JeniusConnect @jeniushelp Bukan data bocor maksud gw dan gw ga mention data bocor, tapi data\xe2\x80\xa6 https://t.co/4rOHD4ljKF'"
2021-11-20 05:47:07+00:00,1461934109110927365,dracan,"b'@ariemay15 @nisa_rah @JeniusConnect @jeniushelp Data yang bocor? Itu scroll aja twitter ada ratusan yg complaint, s\xe2\x80\xa6 https://t.co/T6qYsjyrVC'"
2021-11-20 05:46:33+00:00,1461933966135422984,CISSReC,"b'28.000 Data Polri Disebut Bocor, Ini Analisis Pengamat\nKlik untuk baca: https://t.co/A1JtFNvFbs'"
2021-11-20 05:39:13+00:00,1461932118120878080,May_pan,"b'RT @Wawat_Kurniawan: Hendro : intelijen barat ga apa2 kelebihannya, iyee bener pak, intelijen indonesia sejak dibina anda jd demikian BERLE\xe2\x80\xa6'"
2021-11-20 05:18:31+00:00,1461926909382574085,Revi FAB,"b'@LazadaID Bukan dari lazada, mungkin saja seller nakal atau oknum lain.  Tapiiiii data saya bocor setelah transaksi di lazada kan? #lazada'"
2021-11-20 04:55:22+00:00,1461921085763428352,ü§°,b'serem banget data anak kampus bocor semua'
2021-11-20 04:41:32+00:00,1461917605057339393,Octavia,b'@BANKBRI_ID Kok bisa bocor ya data pribadi saya di bank BRI ??? Padahal saya tidak ada pinjaman dana online di Buka\xe2\x80\xa6 https://t.co/45eCeUzKYS'
2021-11-20 04:30:37+00:00,1461914857201045504,"Pandini, R. I.",b'Bisa-bisanya data bocor:)'
2021-11-20 04:11:05+00:00,1461909942013546509,Wes vaksin,"b'RT @Barisanco: Situs data server Polri diretas, ribuan data anggota bocor dan dibagikan secara gratis.\n\nhttps://t.co/Gvo1BCbECV'"
2021-11-20 03:53:19+00:00,1461905470336106498,Wendy Martinova,"b""@kontakBRI So...what's the answer?\nBisakahyg  diperkuat itu firewallnya, bukan ganti PIN melulu. PIN itu tidak akan\xe2\x80\xa6 https://t.co/QaD7d2qrUQ"""
2021-11-20 03:33:34+00:00,1461900497997160454,Radar Banyumas,"b'Data Pribadi sampai Pelanggaran Anggota Bocor, Data Polri Diretas Lagi #Nasional https://t.co/cGsUI4Jl6Q'"
2021-11-20 03:25:58+00:00,1461898585100881924,üíº KARIRFESS | ON ‚ö°,"b'Ko skrg aku serinh nemu loker yg isi form terus masukin NIK, nama ibu, sama no rekening ya padahal dari official ak\xe2\x80\xa6 https://t.co/DTPupsCR8k'"
2021-11-20 03:13:14+00:00,1461895382523277317,ÿµÿßŸÑÿ≠ ÿ®ŸÜ ÿπÿ®ÿØÿßŸÑÿ¨ŸäÿØ Jamlean,"b'RT @Irene_Ang2: Database Polri Kena Hack,\nSemua Data Polisi Berkasus Bocor, Ada 3 nama Jenderal didalamnya\nhttps://t.co/DP0iXfzEJr\n\nHhhhmmm\xe2\x80\xa6'"
2021-11-20 02:29:57+00:00,1461884490842734598,awa djannatin,"b'RT @Wawat_Kurniawan: Hendro : intelijen barat ga apa2 kelebihannya, iyee bener pak, intelijen indonesia sejak dibina anda jd demikian BERLE\xe2\x80\xa6'"
2021-11-20 02:25:16+00:00,1461883311928668161,Ô∏èÔ∏è Ô∏èÔ∏è,b'@panggilakuDWL @DesyIcha4 @girlsteutics Privasinya udah kayak milyarder aja takut data penting bocor. Padahal ya sa\xe2\x80\xa6 https://t.co/hSWtEQKKAV'
2021-11-20 02:07:11+00:00,1461878761104699393,TerongUngu,"b'RT @Wawat_Kurniawan: Jd lebih baik ga Punya KELEBIHAN drpd BERLEBIHAN, hingga BOCOR semua data dan informasi\n\nPayahnya nih prof intel membi\xe2\x80\xa6'"
2021-11-20 02:07:09+00:00,1461878753433305092,TerongUngu,"b'RT @Wawat_Kurniawan: Hendro : intelijen barat ga apa2 kelebihannya, iyee bener pak, intelijen indonesia sejak dibina anda jd demikian BERLE\xe2\x80\xa6'"
2021-11-20 01:57:20+00:00,1461876281994203136,Adhek,"b'RT @Wawat_Kurniawan: Hendro : intelijen barat ga apa2 kelebihannya, iyee bener pak, intelijen indonesia sejak dibina anda jd demikian BERLE\xe2\x80\xa6'"
2021-11-20 01:55:47+00:00,1461875893366886401,"Ir. Wawat Kurniawan MSc., MCSE","b'Jd lebih baik ga Punya KELEBIHAN drpd BERLEBIHAN, hingga BOCOR semua data dan informasi\n\nPayahnya nih prof intel membina institusi intel'"
2021-11-20 01:50:07+00:00,1461874467353739270,rda,"b'RT @Wawat_Kurniawan: Hendro : intelijen barat ga apa2 kelebihannya, iyee bener pak, intelijen indonesia sejak dibina anda jd demikian BERLE\xe2\x80\xa6'"
2021-11-20 01:49:18+00:00,1461874259731509251,ai haibara,"b'RT @Wawat_Kurniawan: Hendro : intelijen barat ga apa2 kelebihannya, iyee bener pak, intelijen indonesia sejak dibina anda jd demikian BERLE\xe2\x80\xa6'"
2021-11-20 01:48:46+00:00,1461874125576847364,"Ir. Wawat Kurniawan MSc., MCSE","b'Hendro : intelijen barat ga apa2 kelebihannya, iyee bener pak, intelijen indonesia sejak dibina anda jd demikian BE\xe2\x80\xa6 https://t.co/AVGFQGyvRU'"
2021-11-20 01:47:23+00:00,1461873777407455235,jack wolfskin,b'@DivHumas_Polri Data polisi yg bocor kalo disalahgunakan gmn?'
2021-11-20 01:21:10+00:00,1461867178550968324,Alvin Lie ‚úà‚öΩ,"b'RT @AchsanulQosasi: @Reiza_Patters @tidaksambat Belum.\nTim sdg di Lapangan selama 60 hari. Ini Pemeriksaan besar dan butuh banyak sampling,\xe2\x80\xa6'"
2021-11-20 00:49:06+00:00,1461859110245175296,Ayu Wulandari,"b'RT @OposisiCerdas: Database Polri Kena Hack, Semua Data Polisi Berkasus Bocor, Ada 3 Jenderal\nhttps://t.co/NVOOdsDvo8'"
2021-11-20 00:43:36+00:00,1461857724082180105,Profesor nol koma,"b'RT @Irene_Ang2: Database Polri Kena Hack,\nSemua Data Polisi Berkasus Bocor, Ada 3 nama Jenderal didalamnya\nhttps://t.co/DP0iXfzEJr\n\nHhhhmmm\xe2\x80\xa6'"
2021-11-20 00:20:25+00:00,1461851892800131073,Retno Wulandari,"b'RT @Irene_Ang2: Database Polri Kena Hack,\nSemua Data Polisi Berkasus Bocor, Ada 3 nama Jenderal didalamnya\nhttps://t.co/DP0iXfzEJr\n\nHhhhmmm\xe2\x80\xa6'"
2021-11-20 00:04:52+00:00,1461847979094990849,t—í—î ‡πî‡πè–≥‡πè 010,"b'RT @Irene_Ang2: Database Polri Kena Hack,\nSemua Data Polisi Berkasus Bocor, Ada 3 nama Jenderal didalamnya\nhttps://t.co/DP0iXfzEJr\n\nHhhhmmm\xe2\x80\xa6'"
2021-11-19 23:56:14+00:00,1461845804675518466,ùîÖùî≤ùî´..,"b'RT @Irene_Ang2: Database Polri Kena Hack,\nSemua Data Polisi Berkasus Bocor, Ada 3 nama Jenderal didalamnya\nhttps://t.co/DP0iXfzEJr\n\nHhhhmmm\xe2\x80\xa6'"
2021-11-19 23:54:37+00:00,1461845398729859075,üíØ% INDONESIA üõ°,"b'RT @Irene_Ang2: Database Polri Kena Hack,\nSemua Data Polisi Berkasus Bocor, Ada 3 nama Jenderal didalamnya\nhttps://t.co/DP0iXfzEJr\n\nHhhhmmm\xe2\x80\xa6'"
2021-11-19 23:54:11+00:00,1461845288050593793,üë®üèª‚Äçüíªüë∑üèª‚Äç‚ôÇÔ∏è‚ú®D!di¬° –ØŒ±F¬°i‚Ñ¢ ‚ô™‚ô´,"b'RT @Irene_Ang2: Database Polri Kena Hack,\nSemua Data Polisi Berkasus Bocor, Ada 3 nama Jenderal didalamnya\nhttps://t.co/DP0iXfzEJr\n\nHhhhmmm\xe2\x80\xa6'"
2021-11-19 23:50:44+00:00,1461844422383923200,MataHari,"b'RT @Irene_Ang2: Database Polri Kena Hack,\nSemua Data Polisi Berkasus Bocor, Ada 3 nama Jenderal didalamnya\nhttps://t.co/DP0iXfzEJr\n\nHhhhmmm\xe2\x80\xa6'"
2021-11-19 23:48:53+00:00,1461843955683762176,iManru' (Patanna Tedong),b'Semoga pelakux bukan di singapura dan pakai IP filiphina dlm menjalankan aksix spy bs cepat tertangkap\xe2\x80\xa6 https://t.co/Ll27WCZZwA'
2021-11-19 23:30:07+00:00,1461839233518161924,Baritaberi,"b'RT @Irene_Ang2: Database Polri Kena Hack,\nSemua Data Polisi Berkasus Bocor, Ada 3 nama Jenderal didalamnya\nhttps://t.co/DP0iXfzEJr\n\nHhhhmmm\xe2\x80\xa6'"
2021-11-19 23:29:51+00:00,1461839164228268035,Lolit Lolita,"b'RT @Irene_Ang2: Database Polri Kena Hack,\nSemua Data Polisi Berkasus Bocor, Ada 3 nama Jenderal didalamnya\nhttps://t.co/DP0iXfzEJr\n\nHhhhmmm\xe2\x80\xa6'"
2021-11-19 22:53:22+00:00,1461829985979617283,Reza Andika,"b'@mzbabal Ku ngerasa lebih aman belanja di tokped karena selama ini beli game, elektronik disana. Ya emg pernah boco\xe2\x80\xa6 https://t.co/i7wxH4Fjx0'"
2021-11-19 22:12:59+00:00,1461819823038484482,Sandal Jepit,"b'RT @OposisiCerdas: Database Polri Kena Hack, Semua Data Polisi Berkasus Bocor, Ada 3 Jenderal\nhttps://t.co/NVOOdsDvo8'"
2021-11-19 18:12:02+00:00,1461759184471420935,Norsu,"b'RT @Nerokumaaa: Yep udah lama pengen goreng kasus scamming variant baru yang ngemanfaatin data bocor dari salah satu e-commerce ini, berhub\xe2\x80\xa6'"
2021-11-19 17:10:41+00:00,1461743745452281858,ifan gunawan,b'@rezaandikagd Iyakah bli? W pindah dr tokped ke shopee gara2 data tokped yg bocor dulu ituu. Padahal dulu dah nyama\xe2\x80\xa6 https://t.co/DLZ3m5jM1P'
2021-11-19 17:05:46+00:00,1461742508245872642,eng Roi R,"b'RT @Irene_Ang2: Database Polri Kena Hack,\nSemua Data Polisi Berkasus Bocor, Ada 3 nama Jenderal didalamnya\nhttps://t.co/DP0iXfzEJr\n\nHhhhmmm\xe2\x80\xa6'"
2021-11-19 16:20:05+00:00,1461731012526972932,Coltliq Ekajaya,b'ELSAM soal Data Polri Bocor: Tak Ada Investigasi Akuntabel https://t.co/xyBAgSb3rd https://t.co/oF9J99uiOI'
2021-11-19 16:03:48+00:00,1461726915354509317,Katak Pembina Ëµ∞„ÇåÂåÖ,"b'RT @AchsanulQosasi: @Reiza_Patters @tidaksambat Belum.\nTim sdg di Lapangan selama 60 hari. Ini Pemeriksaan besar dan butuh banyak sampling,\xe2\x80\xa6'"
2021-11-19 15:46:32+00:00,1461722566524116999,Achsanul Qosasi,b'@Reiza_Patters @tidaksambat Belum.\nTim sdg di Lapangan selama 60 hari. Ini Pemeriksaan besar dan butuh banyak sampl\xe2\x80\xa6 https://t.co/ljirFi8Ftg'
2021-11-19 15:02:00+00:00,1461711360882921477,üáÆüá©üáØüá¥Piyu ankerüáØüá¥üáÆüá©,b'RT @CNNIndonesia: ELSAM soal Data Polri Bocor: Tak Ada Investigasi Akuntabel https://t.co/EnN9MBvAjy'
2021-11-19 14:23:17+00:00,1461701617816727560,Syamsul Fajri,b'RT @CNNIndonesia: ELSAM soal Data Polri Bocor: Tak Ada Investigasi Akuntabel https://t.co/EnN9MBvAjy'
2021-11-19 14:19:09+00:00,1461700576132022272,Pantau.com,b'ELSAM menilai dugaan atas kebocoran database Kepolisian memerlukan proses investigasi yang harus dilakukan secara t\xe2\x80\xa6 https://t.co/GFRNMbkTO0'
2021-11-19 14:18:58+00:00,1461700531475386377,dabenone,b'RT @CNNIndonesia: ELSAM soal Data Polri Bocor: Tak Ada Investigasi Akuntabel https://t.co/EnN9MBvAjy'
2021-11-19 14:08:15+00:00,1461697834386800642,EdwarFeggy,b'RT @CNNIndonesia: ELSAM soal Data Polri Bocor: Tak Ada Investigasi Akuntabel https://t.co/EnN9MBvAjy'
2021-11-19 14:07:17+00:00,1461697591909834760,CNN Indonesia,b'ELSAM soal Data Polri Bocor: Tak Ada Investigasi Akuntabel https://t.co/EnN9MBvAjy'
2021-11-19 14:04:52+00:00,1461696981395546113,Hadeh Ngab,b'@DC6SEC @son1x666 @txtdrberseragam min ini data pelanggaran polisi pada bocor. jumlahnya banyak'
2021-11-19 13:55:13+00:00,1461694555946831874,Beelzebub,"b'RT @kompascom: Kebocoran ini diketahui dari salah satu unggahan akun twitter @son1x777. Menurut klaim akun itu, ada 28.000 akun dan data pr\xe2\x80\xa6'"
2021-11-19 13:49:01+00:00,1461692994491355136,v e l,b'buset dah itu data artis ampe bocor'
2021-11-19 12:46:31+00:00,1461677265289285633,Hendra,"b'RT @Irene_Ang2: Database Polri Kena Hack,\nSemua Data Polisi Berkasus Bocor, Ada 3 nama Jenderal didalamnya\nhttps://t.co/DP0iXfzEJr\n\nHhhhmmm\xe2\x80\xa6'"
2021-11-19 12:42:13+00:00,1461676182278082564,ivar,"b'RT @kompascom: Kebocoran ini diketahui dari salah satu unggahan akun twitter @son1x777. Menurut klaim akun itu, ada 28.000 akun dan data pr\xe2\x80\xa6'"
2021-11-19 12:15:17+00:00,1461669405939490824,Ô∏èÔ∏è Ô∏èÔ∏è,b'@DesyIcha4 @girlsteutics @panggilakuDWL Selama ini ada data bocor gak?'
2021-11-19 11:37:09+00:00,1461659808554045440,Alan Nugrohadi,"b'RT @kompascom: Kebocoran ini diketahui dari salah satu unggahan akun twitter @son1x777. Menurut klaim akun itu, ada 28.000 akun dan data pr\xe2\x80\xa6'"
2021-11-19 10:57:05+00:00,1461649726680428548,Kompas.com,"b'Kebocoran ini diketahui dari salah satu unggahan akun twitter @son1x777. Menurut klaim akun itu, ada 28.000 akun da\xe2\x80\xa6 https://t.co/YNDNkv9rCd'"
2021-11-19 10:27:23+00:00,1461642250547437571,Samuel Aset Manajemen,"b'Atau kamu beli paket yang tidak sepenuhnya kamu bisa manfaatkan, misalnya beli paket pulsa atua data untuk keluarga\xe2\x80\xa6 https://t.co/jJyBXc2i7e'"
2021-11-19 10:25:06+00:00,1461641675218907136,üåßüö©,b'RT @TirtoID: Anggota Komisi I DPR RI Irine Yusiana Roba Putri menilai kebocoran data milik Polri menegaskan pentingnya penyelesaian pembaha\xe2\x80\xa6'
2021-11-19 10:16:29+00:00,1461639508718354437,Syamsuddin,b'RT @TirtoID: Anggota Komisi I DPR RI Irine Yusiana Roba Putri menilai kebocoran data milik Polri menegaskan pentingnya penyelesaian pembaha\xe2\x80\xa6'
2021-11-19 10:15:00+00:00,1461639134758551556,tirtoid,b'Anggota Komisi I DPR RI Irine Yusiana Roba Putri menilai kebocoran data milik Polri menegaskan pentingnya penyelesa\xe2\x80\xa6 https://t.co/NNrwF82MPM'
2021-11-19 09:59:47+00:00,1461635303999885318,bebrayan,b'@mizzzaenab @kartikaicha18 @SantaPradana @kompascom Tapi pemerintah gak berani bantah dan buka bukaan data. Bahkan\xe2\x80\xa6 https://t.co/qifLjvz449'
2021-11-19 09:50:31+00:00,1461632973137137667,detikinet,"b'#Terpopuler Kebocoran data pribadi kembali terjadi, nahasnya kali ini menimpa kepolisian. Diduga ribuan data anggot\xe2\x80\xa6 https://t.co/Qt4Rqyl0GF'"
2021-11-19 09:09:34+00:00,1461622668180922371,blue,"b'gedeg banget telfon mulu gonta ganti nomor, pas di cek emang penipu. emang bener, data udah gaada yang ngga bocor :\xe2\x80\xa6 https://t.co/jr0ueWvUXc'"
2021-11-19 08:58:20+00:00,1461619841513652224,Jawa Pos,"b'Polri Jadi Korban Peretasan, Data Pribadi hingga Pelanggaran Anggota Bocor https://t.co/V8RlueguIH'"
2021-11-19 08:37:00+00:00,1461614473735655424,Revand,"b'RT @Irene_Ang2: Database Polri Kena Hack,\nSemua Data Polisi Berkasus Bocor, Ada 3 nama Jenderal didalamnya\nhttps://t.co/DP0iXfzEJr\n\nHhhhmmm\xe2\x80\xa6'"
2021-11-19 08:03:20+00:00,1461605999702282244,Jawa Pos,"b'Situs Diretas Lagi, Data sampai Pelanggaran Anggota Polri Bocor https://t.co/6cN6Fmrw1C'"
2021-11-19 08:02:41+00:00,1461605838448037888,AchaaÀäÀéiaüßã,"b'RT @junaediart: @akulakuID Bagaimana ini, data pengguna bocor. Penipu bisa tau detail alamat rumah dan akun akulaku saya.\n#dataAkulakuBocor'"
2021-11-19 07:44:20+00:00,1461601219122642947,Alan Nugrohadi,"b'RT @jawapos: Polri Diretas Lagi, Data Pribadi sampai Pelanggaran Anggota Bocor https://t.co/6CkjWk9xIz'"
2021-11-19 07:34:47+00:00,1461598814960177152,Jawa Pos,"b'Polri Diretas Lagi, Data Pribadi sampai Pelanggaran Anggota Bocor https://t.co/6CkjWk9xIz'"
2021-11-19 07:26:27+00:00,1461596717288067072,Sekar Sayers,"b'@aeribase Kalian gak takut nyetak kartu vaksin dipercetakan gitu? Kan di kartu vaksin ada NIKnya, ntar kalo didafta\xe2\x80\xa6 https://t.co/5gJoar2La0'"
2021-11-19 06:41:10+00:00,1461585321095688192,CardanaMH,b'bantu retweet\n\nsejak muncul lagi hesteg gblk #JejakMesumMRS yang jelas jelas itu fitnah\n\ntapi apa yang terjadi sete\xe2\x80\xa6 https://t.co/QVcVjBRwpA'
2021-11-19 04:37:14+00:00,1461554134797094918,Ikhwan....üáÆüá©,"b'RT @Irene_Ang2: Database Polri Kena Hack,\nSemua Data Polisi Berkasus Bocor, Ada 3 nama Jenderal didalamnya\nhttps://t.co/DP0iXfzEJr\n\nHhhhmmm\xe2\x80\xa6'"
2021-11-19 04:34:13+00:00,1461553372918530048,Urbanasia,b'Kasus kebocoran data kembali terjadi di instansi pemerintah. Kali ini giliran data personil Polri yang bocor!\nhttps://t.co/2RVluo8HR6'
2021-11-19 04:05:49+00:00,1461546226982141958,Techbizid,b'Baca selengkapnya: Duh! 28.000 Data Kepolisian Bocor Diretas Hacker https://t.co/Xl8EPvGyKD'
2021-11-19 04:05:06+00:00,1461546047835045894,Eun Jiü¶äëÅç,"b'@zshxxbi Itu kmren rame pas data bocor itu loh bin. Bnyak yg kyk kmuu\n\nTrus klu gk dtrma, abang2 kurirny blng ap?'"
2021-11-19 04:02:16+00:00,1461545334161563648,SUARAMERDEKA.COM,"b'Ribuan Data Personel Polri Bocor, Pakar Singgung Rendahnya Awareness https://t.co/pwXT0pTlIj'"
2021-11-19 03:59:50+00:00,1461544723118628864,Radar Banyumas,b'Data Polri Dilaporkan Bocor #Nasional https://t.co/06j5EU1lr8'
2021-11-19 03:56:55+00:00,1461543987316420609,KMA Selaras RD,"b'RT @KaredokLeunca__: Data base mabes polri di hack.!\nData anggota berkasus bocor,\nAda 3 nama jendral di dalamnya.\nKok bisa? Mudah amat di b\xe2\x80\xa6'"
2021-11-19 03:42:19+00:00,1461540314523615238,gopos.id,"b'Peretas asal Brasil mengklaim telah membobol data personil Polri. Bukan hanya ribuan data pribadi, daftar pelanggar\xe2\x80\xa6 https://t.co/jvKcCzIAaQ'"
2021-11-19 03:24:42+00:00,1461535880607268875,TwitZayd,"b'RT @Irene_Ang2: Database Polri Kena Hack,\nSemua Data Polisi Berkasus Bocor, Ada 3 nama Jenderal didalamnya\nhttps://t.co/DP0iXfzEJr\n\nHhhhmmm\xe2\x80\xa6'"
2021-11-19 03:20:04+00:00,1461534714703998976,404: Not Found,"b'RT @OposisiCerdas: Database Polri Kena Hack, Semua Data Polisi Berkasus Bocor, Ada 3 Jenderal\nhttps://t.co/NVOOdsDvo8'"
2021-11-19 03:17:31+00:00,1461534073533304835,Duda Syariah,"b'RT @Irene_Ang2: Database Polri Kena Hack,\nSemua Data Polisi Berkasus Bocor, Ada 3 nama Jenderal didalamnya\nhttps://t.co/DP0iXfzEJr\n\nHhhhmmm\xe2\x80\xa6'"
2021-11-19 02:36:09+00:00,1461523662876545028,Sang Fakir,"b'RT @Irene_Ang2: Database Polri Kena Hack,\nSemua Data Polisi Berkasus Bocor, Ada 3 nama Jenderal didalamnya\nhttps://t.co/DP0iXfzEJr\n\nHhhhmmm\xe2\x80\xa6'"
2021-11-19 02:17:55+00:00,1461519072990953476,Sun Go Kong,"b'@VIVAcoid Jgn cm data qta dnk yg bocor, awesome!'"
2021-11-19 02:17:51+00:00,1461519056243081217,LatarNanggroe,"b'RT @Irene_Ang2: Database Polri Kena Hack,\nSemua Data Polisi Berkasus Bocor, Ada 3 nama Jenderal didalamnya\nhttps://t.co/DP0iXfzEJr\n\nHhhhmmm\xe2\x80\xa6'"
2021-11-19 01:54:00+00:00,1461513054005301253,Santri2021,"b'RT @Irene_Ang2: Database Polri Kena Hack,\nSemua Data Polisi Berkasus Bocor, Ada 3 nama Jenderal didalamnya\nhttps://t.co/DP0iXfzEJr\n\nHhhhmmm\xe2\x80\xa6'"
2021-11-19 01:41:17+00:00,1461509852866363394,CISSReC,"b'Waduh, Ribuan Data Anggota Polisi Bocor di Internet https://t.co/6l9pqvlut5'"
2021-11-19 01:25:25+00:00,1461505863324106753,pereda demam,b'Data alo dokter bocor ampe segitunya kah? Perasaan ada aja yg telfon. Ga save bgt. Untung ga pake lg'
2021-11-19 01:23:01+00:00,1461505258643812353,üë®üèª‚Äçüíªüë∑üèª‚Äç‚ôÇÔ∏è‚ú®D!di¬° –ØŒ±F¬°i‚Ñ¢ ‚ô™‚ô´,"b'RT @OposisiCerdas: Database Polri Kena Hack, Semua Data Polisi Berkasus Bocor, Ada 3 Jenderal\nhttps://t.co/NVOOdsDvo8'"
2021-11-19 01:19:41+00:00,1461504420407963649,Kim Jeong,b'@txtdrprogramer Wedew data warga negara bocor aja kaga turun tangan tuh'
2021-11-19 01:09:40+00:00,1461501897513132032,Haris K Abbas,"b'RT @democrazymedia: Buntut Database Polri Kena Hack, Semua Data Polisi Berkasus Bocor, Ada Nama 3 Jenderal Ini\nhttps://t.co/yvjje1vwGy'"
2021-11-19 01:01:04+00:00,1461499734087114759,Ryan Descreate,"b'Gawat, Ribuan Data Anggota Polisi Bocor di\xc2\xa0Internet!!! https://t.co/Ww3YcefDU9'"
2021-11-19 00:24:25+00:00,1461490509474529280,Allah SWT Tuhanku n Islam agamaku...,b'RT @republikaonline: File tersebut berisi banyak informasi penting dari data pribadi personel kepolisian. https://t.co/4WsCLPFjkX'
2021-11-19 00:07:31+00:00,1461486255485513729,üáÆüá©Ono Prio üáÆüá©,"b'RT @KaredokLeunca__: Data base mabes polri di hack.!\nData anggota berkasus bocor,\nAda 3 nama jendral di dalamnya.\nKok bisa? Mudah amat di b\xe2\x80\xa6'"
2021-11-18 23:54:33+00:00,1461482992329625602,Rachmat W Obama,"b'RT @democrazymedia: Gawat! Hacker Brazil Bobol Database Polri, Semua Data Pribadi Bocor\nhttps://t.co/EsgUfpW7Aj'"
2021-11-18 23:35:49+00:00,1461478280809177092,galamedianews.com,"b'Gawat! Polri Diserang, Data Bocor dan Dibagikan Secara Gratis https://t.co/uxT4xTihny'"
2021-11-18 23:18:03+00:00,1461473807470759937,Nico Dwi Kuswanto,"b'gak tau harus seneng apa sedih, data polri yg bocor ternyata ga ada nama bapak &amp; sepupu'"
2021-11-18 23:07:51+00:00,1461471240762265602,Ga Ga,"b'RT @Irene_Ang2: Database Polri Kena Hack,\nSemua Data Polisi Berkasus Bocor, Ada 3 nama Jenderal didalamnya\nhttps://t.co/DP0iXfzEJr\n\nHhhhmmm\xe2\x80\xa6'"
2021-11-18 23:02:53+00:00,1461469989777539073,GerakanKemanusiaan,"b'RT @OposisiCerdas: Database Polri Kena Hack, Semua Data Polisi Berkasus Bocor, Ada 3 Jenderal\nhttps://t.co/NVOOdsDvo8'"
2021-11-18 22:44:52+00:00,1461465457085407233,Gus_el_diajie üíû‚ù§Ô∏è,"b'RT @KaredokLeunca__: Data base mabes polri di hack.!\nData anggota berkasus bocor,\nAda 3 nama jendral di dalamnya.\nKok bisa? Mudah amat di b\xe2\x80\xa6'"
2021-11-18 22:36:50+00:00,1461463437058347013,Learner,"b'Wew ini data polri bocor lagi, dihack lagi nih'"
2021-11-18 22:04:44+00:00,1461455358577168384,Krisna Pambudi,"b'RT @OposisiCerdas: Database Polri Kena Hack, Semua Data Polisi Berkasus Bocor, Ada 3 Jenderal\nhttps://t.co/NVOOdsDvo8'"
2021-11-18 21:34:29+00:00,1461447743830822915,A Drawing Goose,"b'RT @OposisiCerdas: Database Polri Kena Hack, Semua Data Polisi Berkasus Bocor, Ada 3 Jenderal\nhttps://t.co/NVOOdsDvo8'"
2021-11-18 21:21:02+00:00,1461444361867067392,Ruwandi''s,"b'RT @OposisiCerdas: Database Polri Kena Hack, Semua Data Polisi Berkasus Bocor, Ada 3 Jenderal\nhttps://t.co/NVOOdsDvo8'"
2021-11-18 20:38:18+00:00,1461433608002887681,Ratu Setia,"b'RT @OposisiCerdas: Database Polri Kena Hack, Semua Data Polisi Berkasus Bocor, Ada 3 Jenderal\nhttps://t.co/NVOOdsDvo8'"
2021-11-18 18:55:58+00:00,1461407851394519046,ngalab berkah gusti Allah...üôèüôèüôèüòç,"b'RT @OposisiCerdas: Database Polri Kena Hack, Semua Data Polisi Berkasus Bocor, Ada 3 Jenderal\nhttps://t.co/NVOOdsDvo8'"
2021-11-18 17:57:03+00:00,1461393027642056705,5 News,"b'Hacker Asal Brasil Klaim Berhasil Bobol Database Polri, Ribuan Data Pribadi Personel\xc2\xa0Bocor https://t.co/micJIknlzP'"
2021-11-18 17:52:55+00:00,1461391987068702721,Sobat Kojek,"b'Wehhhh ada data paypal bocor di salah satu forum, yang bahayanya enggak cuma data paypal doang. Lengkap capture login yang lainnya juga. \xf0\x9f\x98\x9f'"
2021-11-18 17:44:00+00:00,1461389740674932739,dogtheforge,"b'RT @KaredokLeunca__: Data base mabes polri di hack.!\nData anggota berkasus bocor,\nAda 3 nama jendral di dalamnya.\nKok bisa? Mudah amat di b\xe2\x80\xa6'"
2021-11-18 17:29:52+00:00,1461386186438574087,Arsensjuventini,"b'RT @KaredokLeunca__: Data base mabes polri di hack.!\nData anggota berkasus bocor,\nAda 3 nama jendral di dalamnya.\nKok bisa? Mudah amat di b\xe2\x80\xa6'"
2021-11-18 17:28:12+00:00,1461385764147630082,firman supriadi,"b'RT @VIVAcoid: 3 Server Polri Dibobol Hacker Asal Brasil, Data Anggota Polri Bocor https://t.co/SVbEVwvs98 https://t.co/4NI0sPDuBa'"
2021-11-18 17:10:21+00:00,1461381275269222404,EKO,"b'RT @OposisiCerdas: Database Polri Kena Hack, Semua Data Polisi Berkasus Bocor, Ada 3 Jenderal\nhttps://t.co/NVOOdsDvo8'"
2021-11-18 16:53:16+00:00,1461376976015429633,RatnaIntanKurnia,"b'RT @KaredokLeunca__: Data base mabes polri di hack.!\nData anggota berkasus bocor,\nAda 3 nama jendral di dalamnya.\nKok bisa? Mudah amat di b\xe2\x80\xa6'"
2021-11-18 16:39:08+00:00,1461373417580417025,Nico Rizardo,"b'RT @VIVAcoid: 3 Server Polri Dibobol Hacker Asal Brasil, Data Anggota Polri Bocor https://t.co/SVbEVwvs98 https://t.co/4NI0sPDuBa'"
2021-11-18 15:31:32+00:00,1461356406649409557,Jabodetabek.id,"b'Data Pribadi Anggota Polri Bocor ke Twitter, Diduga Kena Hack https://t.co/xh02yCCOT6'"
2021-11-18 15:28:22+00:00,1461355609169694736,Pilih yg Terbaik,"b'RT @Irene_Ang2: Database Polri Kena Hack,\nSemua Data Polisi Berkasus Bocor, Ada 3 nama Jenderal didalamnya\nhttps://t.co/DP0iXfzEJr\n\nHhhhmmm\xe2\x80\xa6'"
2021-11-18 15:08:25+00:00,1461350589531451400,JarjitSinghüíô,"b'RT @Irene_Ang2: Database Polri Kena Hack,\nSemua Data Polisi Berkasus Bocor, Ada 3 nama Jenderal didalamnya\nhttps://t.co/DP0iXfzEJr\n\nHhhhmmm\xe2\x80\xa6'"
2021-11-18 15:03:14+00:00,1461349284385722384,F.O. Siregar,"b'RT @OposisiCerdas: Database Polri Kena Hack, Semua Data Polisi Berkasus Bocor, Ada 3 Jenderal\nhttps://t.co/NVOOdsDvo8'"
2021-11-18 14:58:31+00:00,1461348098970558469,Samsul Arifin,"b'RT @KaredokLeunca__: Data base mabes polri di hack.!\nData anggota berkasus bocor,\nAda 3 nama jendral di dalamnya.\nKok bisa? Mudah amat di b\xe2\x80\xa6'"
2021-11-18 14:49:07+00:00,1461345732183560198,VIVAcoid,"b'3 Server Polri Dibobol Hacker Asal Brasil, Data Anggota Polri Bocor https://t.co/SVbEVwvs98 https://t.co/4NI0sPDuBa'"
2021-11-18 14:46:52+00:00,1461345164874502157,Yusuf,"b'RT @Irene_Ang2: Database Polri Kena Hack,\nSemua Data Polisi Berkasus Bocor, Ada 3 nama Jenderal didalamnya\nhttps://t.co/DP0iXfzEJr\n\nHhhhmmm\xe2\x80\xa6'"
2021-11-18 14:39:48+00:00,1461343386489655305,üáÆüá©indonesia for palestinaüáµüá∏,"b'RT @Irene_Ang2: Database Polri Kena Hack,\nSemua Data Polisi Berkasus Bocor, Ada 3 nama Jenderal didalamnya\nhttps://t.co/DP0iXfzEJr\n\nHhhhmmm\xe2\x80\xa6'"
2021-11-18 14:32:22+00:00,1461341514584387589,Ndara Kaji,"b'RT @makLambeTurah: Heboh Database Polri Kena Hack, Semua Data Pribadi Polisi Berkasus Bocor, Ada 3 Jenderal\nhttps://t.co/jmxz8O0OwG https:/\xe2\x80\xa6'"
2021-11-18 14:23:34+00:00,1461339301963206657,Rohmansyah,"b'RT @Irene_Ang2: Database Polri Kena Hack,\nSemua Data Polisi Berkasus Bocor, Ada 3 nama Jenderal didalamnya\nhttps://t.co/DP0iXfzEJr\n\nHhhhmmm\xe2\x80\xa6'"
2021-11-18 14:21:20+00:00,1461338739083337733,uyuy hope,"b'RT @Irene_Ang2: Database Polri Kena Hack,\nSemua Data Polisi Berkasus Bocor, Ada 3 nama Jenderal didalamnya\nhttps://t.co/DP0iXfzEJr\n\nHhhhmmm\xe2\x80\xa6'"
2021-11-18 14:19:40+00:00,1461338321695633410,#kamimasihada,"b'RT @Irene_Ang2: Database Polri Kena Hack,\nSemua Data Polisi Berkasus Bocor, Ada 3 nama Jenderal didalamnya\nhttps://t.co/DP0iXfzEJr\n\nHhhhmmm\xe2\x80\xa6'"
2021-11-18 14:17:20+00:00,1461337733255688197,Dessy Lorenza,"b'Ya biasa saja sih, keamanan siber buatan manusia wajar bisa bocor... Data keamanan CIA dan FBI saja bisa bocor, apa\xe2\x80\xa6 https://t.co/dgP07pCH64'"
2021-11-18 14:07:24+00:00,1461335234654343168,Slash_007,"b'RT @democrazymedia: Buntut Database Polri Kena Hack, Semua Data Polisi Berkasus Bocor, Ada Nama 3 Jenderal Ini\nhttps://t.co/yvjje1vwGy'"
2021-11-18 14:02:38+00:00,1461334034961686528,Slash_007,"b'RT @OposisiCerdas: Database Polri Kena Hack, Semua Data Polisi Berkasus Bocor, Ada 3 Jenderal\nhttps://t.co/NVOOdsDvo8'"
2021-11-18 13:57:01+00:00,1461332619459661833,Ôº≠Ôº•Ôº≠Ôº•,b'Tapi aku ga pernah spill identitas pribadi orang yg ga aku suka. Itu bikin masalah baru. Ga sopan. Se-gak-sukanya s\xe2\x80\xa6 https://t.co/TNz9t2kL3H'
2021-11-18 13:55:51+00:00,1461332325841600515,teh kosong,"b'RT @democrazymedia: Buntut Database Polri Kena Hack, Semua Data Polisi Berkasus Bocor, Ada Nama 3 Jenderal Ini\nhttps://t.co/yvjje1vwGy'"
2021-11-18 13:51:19+00:00,1461331187369234439,radaraktualdotcom,"b'3 Server Database Polri Jebol Diretas, Semua Data Polisi Berkasus Bocor Termasuk 3\xc2\xa0Jenderal https://t.co/Kq2GPBgO3G'"
2021-11-18 13:48:33+00:00,1461330490326073345,GotoTheJek,"b'RT @makLambeTurah: Heboh Database Polri Kena Hack, Semua Data Pribadi Polisi Berkasus Bocor, Ada 3 Jenderal\nhttps://t.co/jmxz8O0OwG https:/\xe2\x80\xa6'"
2021-11-18 13:37:27+00:00,1461327694788890628,Vaughn2,"b'RT @Irene_Ang2: Database Polri Kena Hack,\nSemua Data Polisi Berkasus Bocor, Ada 3 nama Jenderal didalamnya\nhttps://t.co/DP0iXfzEJr\n\nHhhhmmm\xe2\x80\xa6'"
2021-11-18 13:32:58+00:00,1461326566219153413,Ochi Beauty Queen 2,"b'RT @Irene_Ang2: Database Polri Kena Hack,\nSemua Data Polisi Berkasus Bocor, Ada 3 nama Jenderal didalamnya\nhttps://t.co/DP0iXfzEJr\n\nHhhhmmm\xe2\x80\xa6'"
2021-11-18 13:31:21+00:00,1461326162567720972,Ivoox Indonesia,b'CISSReC: Ribuan Data Polri Bocor dan Dibagikan Gratis https://t.co/eYr9JGGiK4'
2021-11-18 13:27:39+00:00,1461325227711877124,eng Roi R,"b'RT @OposisiCerdas: Database Polri Kena Hack, Semua Data Polisi Berkasus Bocor, Ada 3 Jenderal\nhttps://t.co/NVOOdsDvo8'"
2021-11-18 13:25:50+00:00,1461324772051091463,penikmat_senja,"b'RT @makLambeTurah: Heboh Database Polri Kena Hack, Semua Data Pribadi Polisi Berkasus Bocor, Ada 3 Jenderal\nhttps://t.co/jmxz8O0OwG https:/\xe2\x80\xa6'"
2021-11-18 13:24:55+00:00,1461324543138484224,makLambeTurah#PalingManisü•∞,"b'Heboh Database Polri Kena Hack, Semua Data Pribadi Polisi Berkasus Bocor, Ada 3 Jenderal\nhttps://t.co/jmxz8O0OwG https://t.co/YZvT35K4pe'"
2021-11-18 13:18:30+00:00,1461322927194853380,edy,"b'RT @KaredokLeunca__: Data base mabes polri di hack.!\nData anggota berkasus bocor,\nAda 3 nama jendral di dalamnya.\nKok bisa? Mudah amat di b\xe2\x80\xa6'"
2021-11-18 13:16:50+00:00,1461322505445011458,OPOSISI,"b'RT @OposisiCerdas: Database Polri Kena Hack, Semua Data Polisi Berkasus Bocor, Ada 3 Jenderal\nhttps://t.co/NVOOdsDvo8'"
2021-11-18 13:14:24+00:00,1461321893504598018,Surabaya Coret,b'Ribuan Data Personel Polri Bocor di Internet https://t.co/Hzxh1wfE87'
2021-11-18 13:14:11+00:00,1461321840761008134,Mulyadi Hartono,"b'RT @OposisiCerdas: Database Polri Kena Hack, Semua Data Polisi Berkasus Bocor, Ada 3 Jenderal\nhttps://t.co/NVOOdsDvo8'"
2021-11-18 13:00:14+00:00,1461318329134501891,Hariwang,"b'RT @democrazymedia: Buntut Database Polri Kena Hack, Semua Data Polisi Berkasus Bocor, Ada Nama 3 Jenderal Ini\nhttps://t.co/yvjje1vwGy'"
2021-11-18 12:35:37+00:00,1461312134990626823,Defrian,"b'@dawsmuhammad Nah kalo gue td sempet casenya gitu uss. Cuma ketika d cek untuk tagihan bulan depan, itu tiba-tiba u\xe2\x80\xa6 https://t.co/ny135BdSvJ'"
2021-11-18 12:26:29+00:00,1461309835203338241,poser,"b'RT @detikinet: Kebocoran data pribadi kembali terjadi, nahasnya kali ini menimpa kepolisian. Diduga ribuan data anggota polisi bocor dan di\xe2\x80\xa6'"
2021-11-18 12:05:03+00:00,1461304443568197640,Arahgunung,"b'RT @OposisiCerdas: Database Polri Kena Hack, Semua Data Polisi Berkasus Bocor, Ada 3 Jenderal\nhttps://t.co/NVOOdsDvo8'"
2021-11-18 12:03:44+00:00,1461304113145126915,denai_afdi,"b'RT @Irene_Ang2: Database Polri Kena Hack,\nSemua Data Polisi Berkasus Bocor, Ada 3 nama Jenderal didalamnya\nhttps://t.co/DP0iXfzEJr\n\nHhhhmmm\xe2\x80\xa6'"
2021-11-18 11:59:29+00:00,1461303040871317506,ùëÑ_ùê∫ùëñùëüùëôùë† ‚òòÔ∏è üíïüáÆüá©üá©üá™,"b'RT @Irene_Ang2: Database Polri Kena Hack,\nSemua Data Polisi Berkasus Bocor, Ada 3 nama Jenderal didalamnya\nhttps://t.co/DP0iXfzEJr\n\nHhhhmmm\xe2\x80\xa6'"
2021-11-18 11:59:07+00:00,1461302947392876545,Mulyadi.Gunawan,"b'RT @Irene_Ang2: Database Polri Kena Hack,\nSemua Data Polisi Berkasus Bocor, Ada 3 nama Jenderal didalamnya\nhttps://t.co/DP0iXfzEJr\n\nHhhhmmm\xe2\x80\xa6'"
2021-11-18 11:54:35+00:00,1461301808597331970,üåäPePinGüåä,"b'RT @KaredokLeunca__: Data base mabes polri di hack.!\nData anggota berkasus bocor,\nAda 3 nama jendral di dalamnya.\nKok bisa? Mudah amat di b\xe2\x80\xa6'"
2021-11-18 11:53:38+00:00,1461301571371765763,FatiaDenjaka,"b'RT @OposisiCerdas: Database Polri Kena Hack, Semua Data Polisi Berkasus Bocor, Ada 3 Jenderal\nhttps://t.co/NVOOdsDvo8'"
2021-11-18 11:51:43+00:00,1461301088426999809,0386fliknop,"b'RT @OposisiCerdas: Database Polri Kena Hack, Semua Data Polisi Berkasus Bocor, Ada 3 Jenderal\nhttps://t.co/NVOOdsDvo8'"
2021-11-18 11:46:48+00:00,1461299850226532355,MediaBlitar.com,"b'POLRI Ketiwasan, Ribuan Data Pribadi dan Data Pelanggaran Personilnya Bocor ke RaidForum https://t.co/XK9x7n7I0O'"
2021-11-18 11:42:12+00:00,1461298690585292804,Meliyanto,"b'RT @OposisiCerdas: Database Polri Kena Hack, Semua Data Polisi Berkasus Bocor, Ada 3 Jenderal\nhttps://t.co/NVOOdsDvo8'"
2021-11-18 11:32:07+00:00,1461296154872664072,hye...,"b'RT @democrazymedia: Buntut Database Polri Kena Hack, Semua Data Polisi Berkasus Bocor, Ada Nama 3 Jenderal Ini\nhttps://t.co/yvjje1vwGy'"
2021-11-18 11:32:02+00:00,1461296132697427970,ùïÄùï®ùïíùïü_ùî∏ùïõùïõùïí,"b'RT @Irene_Ang2: Database Polri Kena Hack,\nSemua Data Polisi Berkasus Bocor, Ada 3 nama Jenderal didalamnya\nhttps://t.co/DP0iXfzEJr\n\nHhhhmmm\xe2\x80\xa6'"
2021-11-18 11:30:20+00:00,1461295704131850241,ibnu purna,"b'RT @OposisiCerdas: Database Polri Kena Hack, Semua Data Polisi Berkasus Bocor, Ada 3 Jenderal\nhttps://t.co/NVOOdsDvo8'"
2021-11-18 11:29:27+00:00,1461295482278342658,Irene Ang,"b'Database Polri Kena Hack,\nSemua Data Polisi Berkasus Bocor, Ada 3 nama Jenderal didalamnya\nhttps://t.co/DP0iXfzEJr\xe2\x80\xa6 https://t.co/N6pBDqCPHP'"
2021-11-18 11:21:44+00:00,1461293542760857604,Anak Emak,"b'RT @democrazymedia: Buntut Database Polri Kena Hack, Semua Data Polisi Berkasus Bocor, Ada Nama 3 Jenderal Ini\nhttps://t.co/yvjje1vwGy'"
2021-11-18 11:14:36+00:00,1461291747611271171,GaGanjarGaNyoblos,"b'RT @KaredokLeunca__: Data base mabes polri di hack.!\nData anggota berkasus bocor,\nAda 3 nama jendral di dalamnya.\nKok bisa? Mudah amat di b\xe2\x80\xa6'"
2021-11-18 11:07:16+00:00,1461289902285344769,bedjo,"b'RT @KaredokLeunca__: Data base mabes polri di hack.!\nData anggota berkasus bocor,\nAda 3 nama jendral di dalamnya.\nKok bisa? Mudah amat di b\xe2\x80\xa6'"
2021-11-18 11:03:29+00:00,1461288949159055362,Jumbo kurang piknik,"b'RT @KaredokLeunca__: Data base mabes polri di hack.!\nData anggota berkasus bocor,\nAda 3 nama jendral di dalamnya.\nKok bisa? Mudah amat di b\xe2\x80\xa6'"
2021-11-18 10:49:13+00:00,1461285357777928192,...,"b'RT @OposisiCerdas: Database Polri Kena Hack, Semua Data Polisi Berkasus Bocor, Ada 3 Jenderal\nhttps://t.co/NVOOdsDvo8'"
2021-11-18 10:41:24+00:00,1461283390171213825,BORNEONEWS,b'CISSReC: Ribuan Data Polri Bocor dan Dibagikan Secara Gratis\nhttps://t.co/SAsvBUHNNI'
2021-11-18 10:40:11+00:00,1461283085664743425,kehedsiah,"b'RT @KaredokLeunca__: Data base mabes polri di hack.!\nData anggota berkasus bocor,\nAda 3 nama jendral di dalamnya.\nKok bisa? Mudah amat di b\xe2\x80\xa6'"
2021-11-18 10:38:47+00:00,1461282732407869445,Rinteez üáµüá∏üá≤üá®,"b'RT @OposisiCerdas: Database Polri Kena Hack, Semua Data Polisi Berkasus Bocor, Ada 3 Jenderal\nhttps://t.co/NVOOdsDvo8'"
2021-11-18 10:37:55+00:00,1461282514853457926,üáÆüá©BLUHERS MüáÆüá©,"b'RT @KaredokLeunca__: Data base mabes polri di hack.!\nData anggota berkasus bocor,\nAda 3 nama jendral di dalamnya.\nKok bisa? Mudah amat di b\xe2\x80\xa6'"
2021-11-18 10:37:08+00:00,1461282319369527296,ridwan abu muharrar,b'RT @republikaonline: Data yang bocor kemungkinan merupakan data pelanggaran yang dilakukan personel Polri. https://t.co/eVTdEl4UOI'
2021-11-18 10:33:28+00:00,1461281393099489282,GKawi369,"b'RT @KaredokLeunca__: Data base mabes polri di hack.!\nData anggota berkasus bocor,\nAda 3 nama jendral di dalamnya.\nKok bisa? Mudah amat di b\xe2\x80\xa6'"
2021-11-18 10:24:38+00:00,1461279173197152256,Ozin Bumiayu,"b'RT @OposisiCerdas: Database Polri Kena Hack, Semua Data Polisi Berkasus Bocor, Ada 3 Jenderal\nhttps://t.co/NVOOdsDvo8'"
2021-11-18 10:22:58+00:00,1461278750692184068,Barisan.co,"b'Situs data server Polri diretas, ribuan data anggota bocor dan dibagikan secara gratis.\n\nhttps://t.co/Gvo1BCbECV'"
2021-11-18 10:18:28+00:00,1461277619563876354,Marwanridwana,"b'RT @OposisiCerdas: Database Polri Kena Hack, Semua Data Polisi Berkasus Bocor, Ada 3 Jenderal\nhttps://t.co/NVOOdsDvo8'"
2021-11-18 10:16:14+00:00,1461277058277863427,CISSReC,b'Ribuan Data Polri Bocor dan Dibagikan Secara Gratis https://t.co/geW25eqiHs'
2021-11-18 10:13:36+00:00,1461276396584534018,Busthomi,"b'https://t.co/pvN6JCKpJ0\n\nWow, UU PDP mutlak segera disahkan gini mah'"
2021-11-18 10:10:08+00:00,1461275523884064774,Kartika Purbasari,"b'RT @OposisiCerdas: Database Polri Kena Hack, Semua Data Polisi Berkasus Bocor, Ada 3 Jenderal\nhttps://t.co/NVOOdsDvo8'"
2021-11-18 10:02:27+00:00,1461273587361349632,üáÆüá©Qurni 02üáÆüá©,"b'RT @KaredokLeunca__: Data base mabes polri di hack.!\nData anggota berkasus bocor,\nAda 3 nama jendral di dalamnya.\nKok bisa? Mudah amat di b\xe2\x80\xa6'"
2021-11-18 09:54:10+00:00,1461271503098449920,ill86,"b'RT @OposisiCerdas: Database Polri Kena Hack, Semua Data Polisi Berkasus Bocor, Ada 3 Jenderal\nhttps://t.co/NVOOdsDvo8'"
2021-11-18 09:48:23+00:00,1461270048694149126,juraganfrezerjenazah,"b'RT @OposisiCerdas: Database Polri Kena Hack, Semua Data Polisi Berkasus Bocor, Ada 3 Jenderal\nhttps://t.co/NVOOdsDvo8'"
2021-11-18 09:46:05+00:00,1461269470148632576,HAMBA ALLAH,"b'RT @democrazymedia: Buntut Database Polri Kena Hack, Semua Data Polisi Berkasus Bocor, Ada Nama 3 Jenderal Ini\nhttps://t.co/yvjje1vwGy'"
2021-11-18 09:45:25+00:00,1461269303462805507,Gerson AHS,"b'RT @KaredokLeunca__: Data base mabes polri di hack.!\nData anggota berkasus bocor,\nAda 3 nama jendral di dalamnya.\nKok bisa? Mudah amat di b\xe2\x80\xa6'"
2021-11-18 09:43:42+00:00,1461268872414130179,Romadhon Jasn,b'RT @republikaonline: File tersebut berisi banyak informasi penting dari data pribadi personel kepolisian. https://t.co/4WsCLPFjkX'
2021-11-18 09:40:25+00:00,1461268046106877954,The Real Iccank,"b'RT @OposisiCerdas: Database Polri Kena Hack, Semua Data Polisi Berkasus Bocor, Ada 3 Jenderal\nhttps://t.co/NVOOdsDvo8'"
2021-11-18 09:39:52+00:00,1461267904687599616,LEHAMI ‚öñÔ∏è‚öîÔ∏èüì¢,b'RT @republikaonline: File tersebut berisi banyak informasi penting dari data pribadi personel kepolisian. https://t.co/4WsCLPFjkX'
2021-11-18 09:36:37+00:00,1461267087679098882,Republika.co.id,b'File tersebut berisi banyak informasi penting dari data pribadi personel kepolisian. https://t.co/4WsCLPFjkX'
2021-11-18 09:35:07+00:00,1461266711881998340,abangoek,b'dan terjadi lg. \nx ini data diumbar kyo ning pasar bedah \xf0\x9f\xa4\xa6\xf0\x9f\x8f\xbb\xe2\x80\x8d\xe2\x99\x82\xef\xb8\x8f\n\nhttps://t.co/Qf2iT9AvZX'
2021-11-18 09:34:08+00:00,1461266462018965504,Jawa Pos,b'CISSReC Sebut Ribuan Data Polri Bocor dan Dibagikan Secara Gratis https://t.co/ntWZAqLchj'
2021-11-18 09:30:17+00:00,1461265495449997313,Foxigit,"b'RT @KaredokLeunca__: Data base mabes polri di hack.!\nData anggota berkasus bocor,\nAda 3 nama jendral di dalamnya.\nKok bisa? Mudah amat di b\xe2\x80\xa6'"
2021-11-18 09:28:00+00:00,1461264919278534658,detikinet,"b'Kebocoran data pribadi kembali terjadi, nahasnya kali ini menimpa kepolisian. Diduga ribuan data anggota polisi boc\xe2\x80\xa6 https://t.co/7iBrL4xtLz'"
2021-11-18 09:26:39+00:00,1461264580886228993,My Name Is Ded,"b'RT @OposisiCerdas: Database Polri Kena Hack, Semua Data Polisi Berkasus Bocor, Ada 3 Jenderal\nhttps://t.co/NVOOdsDvo8'"
2021-11-18 09:26:04+00:00,1461264431170535426,5M ProKes ü§∏üèÉüö¥üå°Ô∏è‚õ±Ô∏è - Vaksinasi üíâüíâ,"b'RT @KaredokLeunca__: Data base mabes polri di hack.!\nData anggota berkasus bocor,\nAda 3 nama jendral di dalamnya.\nKok bisa? Mudah amat di b\xe2\x80\xa6'"
2021-11-18 09:24:37+00:00,1461264070019932162,Jannes Hutajulu,"b'RT @KaredokLeunca__: Data base mabes polri di hack.!\nData anggota berkasus bocor,\nAda 3 nama jendral di dalamnya.\nKok bisa? Mudah amat di b\xe2\x80\xa6'"
2021-11-18 09:07:35+00:00,1461259780048101381,askar fatahuddin,"b'RT @OposisiCerdas: Database Polri Kena Hack, Semua Data Polisi Berkasus Bocor, Ada 3 Jenderal\nhttps://t.co/NVOOdsDvo8'"
2021-11-18 09:07:27+00:00,1461259748867670017,Cr07fans,"b'RT @OposisiCerdas: Database Polri Kena Hack, Semua Data Polisi Berkasus Bocor, Ada 3 Jenderal\nhttps://t.co/NVOOdsDvo8'"
2021-11-18 09:05:56+00:00,1461259365516660736,AKL,"b'RT @OposisiCerdas: Database Polri Kena Hack, Semua Data Polisi Berkasus Bocor, Ada 3 Jenderal\nhttps://t.co/NVOOdsDvo8'"
2021-11-18 09:04:56+00:00,1461259116119093250,kepin #ThankyouOle,"b'@Spumino_ @yourmedicine27 @unclwn @yunaituq @txtdrberseragam websitenya aman, tapi datanya bocor dan dicuri sama si\xe2\x80\xa6 https://t.co/XVaEg62KLe'"
2021-11-18 09:04:43+00:00,1461259059730866179,Dedi Mardiana,"b'Pancasila..puya polisi namun data polisi yg bocor dari oknum jendral dan kapten, brigaadil bermasalah ahirnya terci\xe2\x80\xa6 https://t.co/Xsqp1bin4f'"
2021-11-18 09:04:34+00:00,1461259021478887424,hendrikelink,"b'RT @OposisiCerdas: Database Polri Kena Hack, Semua Data Polisi Berkasus Bocor, Ada 3 Jenderal\nhttps://t.co/NVOOdsDvo8'"
2021-11-18 09:03:38+00:00,1461258787092766723,Bang Udin,"b'RT @democrazymedia: Buntut Database Polri Kena Hack, Semua Data Polisi Berkasus Bocor, Ada Nama 3 Jenderal Ini\nhttps://t.co/yvjje1vwGy'"
2021-11-18 09:01:25+00:00,1461258229820784644,Ava Korjut,"b'RT @democrazymedia: Buntut Database Polri Kena Hack, Semua Data Polisi Berkasus Bocor, Ada Nama 3 Jenderal Ini\nhttps://t.co/yvjje1vwGy'"
2021-11-18 09:00:03+00:00,1461257884449206272,inilahcom,b'Sebanyak 28 Ribu Lebih Data Personel Polri Bocor dan Bebas Diperjualbelikan\n\n#inilahcom #inilahdotcom\nhttps://t.co/NiztoEJq7e'
2021-11-18 08:59:24+00:00,1461257723681525764,MUSLIM ANTI PKI PERJUANGAN,"b'RT @OposisiCerdas: Database Polri Kena Hack, Semua Data Polisi Berkasus Bocor, Ada 3 Jenderal\nhttps://t.co/NVOOdsDvo8'"
2021-11-18 08:57:57+00:00,1461257356604440579,Eliya_mkom,"b'RT @OposisiCerdas: Database Polri Kena Hack, Semua Data Polisi Berkasus Bocor, Ada 3 Jenderal\nhttps://t.co/NVOOdsDvo8'"
2021-11-18 08:54:05+00:00,1461256384016568323,Kang Sodron üáÆüá©,"b'RT @KaredokLeunca__: Data base mabes polri di hack.!\nData anggota berkasus bocor,\nAda 3 nama jendral di dalamnya.\nKok bisa? Mudah amat di b\xe2\x80\xa6'"
2021-11-18 08:51:36+00:00,1461255761384722439,Kavindra Oemar,"b'RT @OposisiCerdas: Database Polri Kena Hack, Semua Data Polisi Berkasus Bocor, Ada 3 Jenderal\nhttps://t.co/NVOOdsDvo8'"
2021-11-18 08:51:03+00:00,1461255622746279936,KepakSayapGaruda,"b'RT @OposisiCerdas: Database Polri Kena Hack, Semua Data Polisi Berkasus Bocor, Ada 3 Jenderal\nhttps://t.co/NVOOdsDvo8'"
2021-11-18 08:49:16+00:00,1461255173800534024,T.HalomoanüáÆüá©,"b'RT @KaredokLeunca__: Data base mabes polri di hack.!\nData anggota berkasus bocor,\nAda 3 nama jendral di dalamnya.\nKok bisa? Mudah amat di b\xe2\x80\xa6'"
2021-11-18 08:48:45+00:00,1461255041679953921,CNBC Indonesia,b'Duh! Data Kepolisian RI Dilaporkan Bocor https://t.co/JFcWRBGrxt'
2021-11-18 08:45:00+00:00,1461254098745888771,Orang Tamfan,"b'RT @OposisiCerdas: Database Polri Kena Hack, Semua Data Polisi Berkasus Bocor, Ada 3 Jenderal\nhttps://t.co/NVOOdsDvo8'"
2021-11-18 08:44:51+00:00,1461254059113934852,Aiman_Judakusumah üáÆüá©,"b'RT @KaredokLeunca__: Data base mabes polri di hack.!\nData anggota berkasus bocor,\nAda 3 nama jendral di dalamnya.\nKok bisa? Mudah amat di b\xe2\x80\xa6'"
2021-11-18 08:37:00+00:00,1461252083877830661,Liputan6.com,b'Ada dua database Polri yang diboborkan hacker. Apa saja isinya?\nhttps://t.co/2GoLjv0KzH'
2021-11-18 08:34:17+00:00,1461251400348934148,ùïéùïöùïü ùïÅùï†ùïòùï† ‚Ñùùï†ùïòùï†,"b'Kebocoran data pribadi kembali terjadi, nahasnya kali ini menimpa kepolisian. Diduga ribuan data anggota polisi boc\xe2\x80\xa6 https://t.co/GGY7BpBjXT'"
2021-11-18 08:33:09+00:00,1461251115115167745,Fansurycmp,"b'RT @OposisiCerdas: Database Polri Kena Hack, Semua Data Polisi Berkasus Bocor, Ada 3 Jenderal\nhttps://t.co/NVOOdsDvo8'"
2021-11-18 08:27:54+00:00,1461249793456365568,Abdie,"b'RT @OposisiCerdas: Database Polri Kena Hack, Semua Data Polisi Berkasus Bocor, Ada 3 Jenderal\nhttps://t.co/NVOOdsDvo8'"
2021-11-18 08:23:37+00:00,1461248717076545536,Aktual Official,b'Duh! Ribuan Data Personil Polri Bocor dan Dibagikan Secara\xc2\xa0Gratis? https://t.co/crdVQBknKv'
2021-11-18 08:20:09+00:00,1461247844275212292,PionPraponco,"b'RT @OposisiCerdas: Database Polri Kena Hack, Semua Data Polisi Berkasus Bocor, Ada 3 Jenderal\nhttps://t.co/NVOOdsDvo8'"
2021-11-18 08:18:20+00:00,1461247387855249408,Sisca,"b'RT @detikcom: Kebocoran data pribadi kembali terjadi, nahasnya kali ini menimpa kepolisian. Diduga ribuan data anggota polisi bocor dan dib\xe2\x80\xa6'"
2021-11-18 08:17:33+00:00,1461247189787856896,detikcom,"b'Kebocoran data pribadi kembali terjadi, nahasnya kali ini menimpa kepolisian. Diduga ribuan data anggota polisi boc\xe2\x80\xa6 https://t.co/JnZSmjHsD2'"
2021-11-18 08:17:23+00:00,1461247149362987011,A'kang,"b'RT @democrazymedia: Buntut Database Polri Kena Hack, Semua Data Polisi Berkasus Bocor, Ada Nama 3 Jenderal Ini\nhttps://t.co/yvjje1vwGy'"
2021-11-18 08:15:10+00:00,1461246591860240385,üè≥üáÆüá©kodikodüáÆüá©üè¥,"b'RT @OposisiCerdas: Database Polri Kena Hack, Semua Data Polisi Berkasus Bocor, Ada 3 Jenderal\nhttps://t.co/NVOOdsDvo8'"
2021-11-18 08:13:20+00:00,1461246131300487171,candra arifka,"b'@democrazymedia sering banget data pemerintah bocor, udah kayak open source aja'"
2021-11-18 08:08:46+00:00,1461244980010237955,Show Men,b'RT @CNNIndonesia: Pakar Siber: Data Bocor adalah Data Pelanggaran Anggota Polri https://t.co/hipwh68PRu'
2021-11-18 08:04:10+00:00,1461243821669249027,Lubna Haneen Ayunda,"b'RT @democrazymedia: Buntut Database Polri Kena Hack, Semua Data Polisi Berkasus Bocor, Ada Nama 3 Jenderal Ini\nhttps://t.co/yvjje1vwGy'"
2021-11-18 08:02:48+00:00,1461243476876558338,GaransiPolbek,"b'RT @democrazymedia: Buntut Database Polri Kena Hack, Semua Data Polisi Berkasus Bocor, Ada Nama 3 Jenderal Ini\nhttps://t.co/yvjje1vwGy'"
2021-11-18 08:00:38+00:00,1461242934745976839,Biroe,"b'RT @KaredokLeunca__: Data base mabes polri di hack.!\nData anggota berkasus bocor,\nAda 3 nama jendral di dalamnya.\nKok bisa? Mudah amat di b\xe2\x80\xa6'"
2021-11-18 07:57:37+00:00,1461242172741537793,Lixa,b'RT @tvOneNews: Lembaga Riset Siber CISSReC: Berbahaya Ribuan Data Polri Bocor &amp; Dibagikan Gratis https://t.co/PCpzSVmPbq'
2021-11-18 07:56:46+00:00,1461241958689492997,‚ó¶‚Ä¢‚óè‚óâ‚úø lurüÖ∞Ô∏èh ‚úø‚óâ‚óè‚Ä¢‚ó¶,"b'RT @OposisiCerdas: Database Polri Kena Hack, Semua Data Polisi Berkasus Bocor, Ada 3 Jenderal\nhttps://t.co/NVOOdsDvo8'"
2021-11-18 07:56:26+00:00,1461241876783108096,Canceryous,"b'RT @KaredokLeunca__: Data base mabes polri di hack.!\nData anggota berkasus bocor,\nAda 3 nama jendral di dalamnya.\nKok bisa? Mudah amat di b\xe2\x80\xa6'"
2021-11-18 07:54:44+00:00,1461241448230051842,MATINYA DEMOKRASI,"b'RT @democrazymedia: Buntut Database Polri Kena Hack, Semua Data Polisi Berkasus Bocor, Ada Nama 3 Jenderal Ini\nhttps://t.co/yvjje1vwGy'"
2021-11-18 07:52:00+00:00,1461240758518771712,viskaya,b'RT @republikaonline: Data yang bocor kemungkinan merupakan data pelanggaran yang dilakukan personel Polri. https://t.co/eVTdEl4UOI'
2021-11-18 07:49:38+00:00,1461240164764688388,andyliani,"b'RT @OposisiCerdas: Database Polri Kena Hack, Semua Data Polisi Berkasus Bocor, Ada 3 Jenderal\nhttps://t.co/NVOOdsDvo8'"
2021-11-18 07:49:28+00:00,1461240124524482560,Ms.Hamtaro ‚ôÄÔ∏è,"b'RT @KaredokLeunca__: Data base mabes polri di hack.!\nData anggota berkasus bocor,\nAda 3 nama jendral di dalamnya.\nKok bisa? Mudah amat di b\xe2\x80\xa6'"
2021-11-18 07:48:39+00:00,1461239917216894976,Shela Marliana,"b'Waduh, Ribuan Data Anggota Polisi Bocor di Internet https://t.co/5zR4mWRDBb'"
2021-11-18 07:48:09+00:00,1461239793585516546,Tiyara,"b'RT @KaredokLeunca__: Data base mabes polri di hack.!\nData anggota berkasus bocor,\nAda 3 nama jendral di dalamnya.\nKok bisa? Mudah amat di b\xe2\x80\xa6'"
2021-11-18 07:47:05+00:00,1461239524994912259,üáÆüá©üáµüá∏Sobakhul khoir,"b'RT @OposisiCerdas: Database Polri Kena Hack, Semua Data Polisi Berkasus Bocor, Ada 3 Jenderal\nhttps://t.co/NVOOdsDvo8'"
2021-11-18 07:45:55+00:00,1461239231460773888,AF,"b'Data Polri bocor, jadi keinget episode Ticking Clocks di Brooklyn Nine-Nine. Bahaya kalau data anggota polisi yang\xe2\x80\xa6 https://t.co/rLIFD8GY9s'"
2021-11-18 07:45:09+00:00,1461239035352002562,BADRUZ,"b'RT @KaredokLeunca__: Data base mabes polri di hack.!\nData anggota berkasus bocor,\nAda 3 nama jendral di dalamnya.\nKok bisa? Mudah amat di b\xe2\x80\xa6'"
2021-11-18 07:42:56+00:00,1461238478935498763,paeran paidi,"b'RT @OposisiCerdas: Database Polri Kena Hack, Semua Data Polisi Berkasus Bocor, Ada 3 Jenderal\nhttps://t.co/NVOOdsDvo8'"
2021-11-18 07:40:03+00:00,1461237751597056006,Edogoa Conan KW Zuperr,b'RT @tvOneNews: Lembaga Riset Siber CISSReC: Berbahaya Ribuan Data Polri Bocor &amp; Dibagikan Gratis https://t.co/PCpzSVmPbq'
2021-11-18 07:39:04+00:00,1461237504837775361,Rez29,"b'RT @KaredokLeunca__: Data base mabes polri di hack.!\nData anggota berkasus bocor,\nAda 3 nama jendral di dalamnya.\nKok bisa? Mudah amat di b\xe2\x80\xa6'"
2021-11-18 07:36:31+00:00,1461236865214803971,Allah SWT Tuhanku n Islam agamaku...,"b'RT @OposisiCerdas: Database Polri Kena Hack, Semua Data Polisi Berkasus Bocor, Ada 3 Jenderal\nhttps://t.co/NVOOdsDvo8'"
2021-11-18 07:36:17+00:00,1461236805315883009,üîÉ penjor | vaccinated,b'RT @tvOneNews: Lembaga Riset Siber CISSReC: Berbahaya Ribuan Data Polri Bocor &amp; Dibagikan Gratis https://t.co/PCpzSVmPbq'
2021-11-18 07:32:23+00:00,1461235823081254912,Show Men,"b'RT @democrazymedia: Buntut Database Polri Kena Hack, Semua Data Polisi Berkasus Bocor, Ada Nama 3 Jenderal Ini\nhttps://t.co/yvjje1vwGy'"
2021-11-18 07:32:14+00:00,1461235784015433731,OpiniRakyat4,"b'RT @OposisiCerdas: Database Polri Kena Hack, Semua Data Polisi Berkasus Bocor, Ada 3 Jenderal\nhttps://t.co/NVOOdsDvo8'"
2021-11-18 07:31:47+00:00,1461235672589602816,Rizky Ganda Hutama,b'RT @tvOneNews: Lembaga Riset Siber CISSReC: Berbahaya Ribuan Data Polri Bocor &amp; Dibagikan Gratis https://t.co/PCpzSVmPbq'
2021-11-18 07:31:24+00:00,1461235576594599941,Ismail Fahmi,b'RT @tvOneNews: Lembaga Riset Siber CISSReC: Berbahaya Ribuan Data Polri Bocor &amp; Dibagikan Gratis https://t.co/PCpzSVmPbq'
2021-11-18 07:31:10+00:00,1461235516544675844,Blatuks Dayaküá≤üá®üá≤üá®üá≤üá®,"b'RT @KaredokLeunca__: Data base mabes polri di hack.!\nData anggota berkasus bocor,\nAda 3 nama jendral di dalamnya.\nKok bisa? Mudah amat di b\xe2\x80\xa6'"
2021-11-18 07:30:15+00:00,1461235286092832771,ùêåùêöùê¨ùêõùêöùê¶ (Fully ùêïùêöùêúùêúùê¢ùêßùêöùê≠ùêûùêù)‚ö°Ô∏è,b'data di quora ngapa bocor ke twitter dah'
2021-11-18 07:29:55+00:00,1461235203985141765,Bung,"b'RT @KaredokLeunca__: Data base mabes polri di hack.!\nData anggota berkasus bocor,\nAda 3 nama jendral di dalamnya.\nKok bisa? Mudah amat di b\xe2\x80\xa6'"
2021-11-18 07:29:37+00:00,1461235129397825536,kopipanas,"b'RT @KaredokLeunca__: Data base mabes polri di hack.!\nData anggota berkasus bocor,\nAda 3 nama jendral di dalamnya.\nKok bisa? Mudah amat di b\xe2\x80\xa6'"
2021-11-18 07:29:22+00:00,1461235062884556800,suarapakar.com,b'Peretas Brasil Son1x kembali beraksi dan meretas situs kepolisian Indonesia. Sebanyak 28 ribu data diduga milik Kep\xe2\x80\xa6 https://t.co/EfNExBGn0X'
2021-11-18 07:26:22+00:00,1461234307897249793,AhmadKHY,"b'RT @democrazymedia: Buntut Database Polri Kena Hack, Semua Data Polisi Berkasus Bocor, Ada Nama 3 Jenderal Ini\nhttps://t.co/yvjje1vwGy'"
2021-11-18 07:26:10+00:00,1461234260111609857,OposisiCerdas.com,"b'Database Polri Kena Hack, Semua Data Polisi Berkasus Bocor, Ada 3 Jenderal\nhttps://t.co/NVOOdsDvo8'"
2021-11-18 07:25:44+00:00,1461234152183779329,Eko Yuniarto,b'RT @republikaonline: Data yang bocor kemungkinan merupakan data pelanggaran yang dilakukan personel Polri. https://t.co/eVTdEl4UOI'
2021-11-18 07:20:31+00:00,1461232837563060227,P PANCASILA,"b'RT @KaredokLeunca__: Data base mabes polri di hack.!\nData anggota berkasus bocor,\nAda 3 nama jendral di dalamnya.\nKok bisa? Mudah amat di b\xe2\x80\xa6'"
2021-11-18 07:19:27+00:00,1461232567802232836,Prapto Pinardi,b'RT @tvOneNews: Lembaga Riset Siber CISSReC: Berbahaya Ribuan Data Polri Bocor &amp; Dibagikan Gratis https://t.co/PCpzSVmPbq'
2021-11-18 07:18:02+00:00,1461232211743559683,tvOneNews,b'Lembaga Riset Siber CISSReC: Berbahaya Ribuan Data Polri Bocor &amp; Dibagikan Gratis https://t.co/PCpzSVmPbq'
2021-11-18 07:17:23+00:00,1461232048215973890,üî•jeritan nerakaüî•,"b'RT @KaredokLeunca__: Data base mabes polri di hack.!\nData anggota berkasus bocor,\nAda 3 nama jendral di dalamnya.\nKok bisa? Mudah amat di b\xe2\x80\xa6'"
2021-11-18 07:16:11+00:00,1461231748432293890,Mujahidah,"b'RT @democrazymedia: Buntut Database Polri Kena Hack, Semua Data Polisi Berkasus Bocor, Ada Nama 3 Jenderal Ini\nhttps://t.co/yvjje1vwGy'"
2021-11-18 07:15:28+00:00,1461231566173007873,AR Rodriguez,b'RT @republikaonline: Data yang bocor kemungkinan merupakan data pelanggaran yang dilakukan personel Polri. https://t.co/eVTdEl4UOI'
2021-11-18 07:15:16+00:00,1461231515719716867,Sobat üÖ∞Ô∏èTüÖ∞Ô∏èüÖøÔ∏è üè†üè†üè†,b'@CNNIndonesia Apapun datanya yg bocor itu menunjukkan kelemahan pertahanan cyber data'
2021-11-18 07:11:19+00:00,1461230520528867329,uzone.id,b'Data Polri Bocor Berisi Kasus Anggota yang Bermasalah? #uzoneID #lifestyle #viral https://t.co/bIfipXI8Di'
2021-11-18 07:10:04+00:00,1461230205918343172,Liputan6.com,b'Polri Usut Dugaan Data Pribadi Anggota Bocor di Forum Online https://t.co/1AR0CGoUj1'
2021-11-18 07:09:54+00:00,1461230164273033216,Ari OKEE,b'RT @republikaonline: Data yang bocor kemungkinan merupakan data pelanggaran yang dilakukan personel Polri. https://t.co/eVTdEl4UOI'
2021-11-18 07:09:00+00:00,1461229940171436036,Irfan,"b'RT @democrazymedia: Buntut Database Polri Kena Hack, Semua Data Polisi Berkasus Bocor, Ada Nama 3 Jenderal Ini\nhttps://t.co/yvjje1vwGy'"
2021-11-18 07:08:55+00:00,1461229917455065094,panji,"b'RT @KaredokLeunca__: Data base mabes polri di hack.!\nData anggota berkasus bocor,\nAda 3 nama jendral di dalamnya.\nKok bisa? Mudah amat di b\xe2\x80\xa6'"
2021-11-18 07:06:44+00:00,1461229368861093890,Al@m semesta üá≤üá®üáπüá∑üá¶üá™,b'RT @republikaonline: Data yang bocor kemungkinan merupakan data pelanggaran yang dilakukan personel Polri. https://t.co/eVTdEl4UOI'
2021-11-18 07:06:16+00:00,1461229253190512640,Oedjang Moekartho,"b'RT @KaredokLeunca__: Data base mabes polri di hack.!\nData anggota berkasus bocor,\nAda 3 nama jendral di dalamnya.\nKok bisa? Mudah amat di b\xe2\x80\xa6'"
2021-11-18 07:05:44+00:00,1461229116565245956,Nugra Ze,"b'RT @democrazymedia: Buntut Database Polri Kena Hack, Semua Data Polisi Berkasus Bocor, Ada Nama 3 Jenderal Ini\nhttps://t.co/yvjje1vwGy'"
2021-11-18 07:05:03+00:00,1461228944837861377,Alan Nugrohadi,b'RT @republikaonline: Data yang bocor kemungkinan merupakan data pelanggaran yang dilakukan personel Polri. https://t.co/eVTdEl4UOI'
2021-11-18 07:03:17+00:00,1461228502364016647,cebong ori,"b'RT @KaredokLeunca__: Data base mabes polri di hack.!\nData anggota berkasus bocor,\nAda 3 nama jendral di dalamnya.\nKok bisa? Mudah amat di b\xe2\x80\xa6'"
2021-11-18 07:02:13+00:00,1461228230258556930,Alan Nugrohadi,b'RT @CNNIndonesia: Pakar Siber: Data Bocor adalah Data Pelanggaran Anggota Polri https://t.co/hipwh68PRu'
2021-11-18 07:02:11+00:00,1461228223748968450,tukang geplaküòé,"b'RT @democrazymedia: Buntut Database Polri Kena Hack, Semua Data Polisi Berkasus Bocor, Ada Nama 3 Jenderal Ini\nhttps://t.co/yvjje1vwGy'"
2021-11-18 07:02:00+00:00,1461228176621727744,Liputan6.com,"b'Pakar Keamanan Siber, Pratama Persadha, mengungkap data pribadi personil Polri diduga bocor di forum online. https://t.co/z0O1gXG9Gh'"
2021-11-18 07:00:11+00:00,1461227719992041477,WawanCanda tanya kenapa ü§™‚ùì üáÆüá©,"b'RT @KaredokLeunca__: Data base mabes polri di hack.!\nData anggota berkasus bocor,\nAda 3 nama jendral di dalamnya.\nKok bisa? Mudah amat di b\xe2\x80\xa6'"
2021-11-18 06:58:33+00:00,1461227308027727878,ManBekasi,"b'RT @KaredokLeunca__: Data base mabes polri di hack.!\nData anggota berkasus bocor,\nAda 3 nama jendral di dalamnya.\nKok bisa? Mudah amat di b\xe2\x80\xa6'"
2021-11-18 06:58:24+00:00,1461227273248411649,Raya¬©Andi ‚ô®‚òï üá≤üá®,"b'RT @KaredokLeunca__: Data base mabes polri di hack.!\nData anggota berkasus bocor,\nAda 3 nama jendral di dalamnya.\nKok bisa? Mudah amat di b\xe2\x80\xa6'"
2021-11-18 06:57:53+00:00,1461227142763597825,"JEPRET.!! Karet na 2,LADA.!! üî•üî•","b'Data base mabes polri di hack.!\nData anggota berkasus bocor,\nAda 3 nama jendral di dalamnya.\nKok bisa? Mudah amat d\xe2\x80\xa6 https://t.co/4zRmC0hj3e'"
2021-11-18 06:57:37+00:00,1461227073482248195,Asef AzmaiL,b'RT @republikaonline: Data yang bocor kemungkinan merupakan data pelanggaran yang dilakukan personel Polri. https://t.co/eVTdEl4UOI'
2021-11-18 06:57:08+00:00,1461226953407533056,Marwanridwana,"b'RT @democrazymedia: Buntut Database Polri Kena Hack, Semua Data Polisi Berkasus Bocor, Ada Nama 3 Jenderal Ini\nhttps://t.co/yvjje1vwGy'"
2021-11-18 06:56:18+00:00,1461226742757027846,ichsan arif,"b'RT @democrazymedia: Buntut Database Polri Kena Hack, Semua Data Polisi Berkasus Bocor, Ada Nama 3 Jenderal Ini\nhttps://t.co/yvjje1vwGy'"
2021-11-18 06:54:06+00:00,1461226189821865987,jakesvarna,b'RT @CNNIndonesia: Pakar Siber: Data Bocor adalah Data Pelanggaran Anggota Polri https://t.co/hipwh68PRu'
2021-11-18 06:51:47+00:00,1461225606838829060,setyo üè¥,"b'RT @democrazymedia: Buntut Database Polri Kena Hack, Semua Data Polisi Berkasus Bocor, Ada Nama 3 Jenderal Ini\nhttps://t.co/yvjje1vwGy'"
2021-11-18 06:51:34+00:00,1461225552757477377,CNN Indonesia,b'Pakar Siber: Data Bocor adalah Data Pelanggaran Anggota Polri https://t.co/hipwh68PRu'
2021-11-18 06:51:23+00:00,1461225504325857284,Republika.co.id,b'Data yang bocor kemungkinan merupakan data pelanggaran yang dilakukan personel Polri. https://t.co/eVTdEl4UOI'
2021-11-18 06:49:41+00:00,1461225079904227329,#HijrahPeradaban,"b'RT @democrazymedia: Buntut Database Polri Kena Hack, Semua Data Polisi Berkasus Bocor, Ada Nama 3 Jenderal Ini\nhttps://t.co/yvjje1vwGy'"
2021-11-18 06:46:07+00:00,1461224178678308867,Al@m semesta üá≤üá®üáπüá∑üá¶üá™,"b'RT @democrazymedia: Buntut Database Polri Kena Hack, Semua Data Polisi Berkasus Bocor, Ada Nama 3 Jenderal Ini\nhttps://t.co/yvjje1vwGy'"
2021-11-18 06:45:00+00:00,1461223898247151619,DEMOCRAZY News,"b'Buntut Database Polri Kena Hack, Semua Data Polisi Berkasus Bocor, Ada Nama 3 Jenderal Ini\nhttps://t.co/yvjje1vwGy'"
2021-11-18 06:43:36+00:00,1461223546517028866,Rasain_ga,b'(Data Polri Dilaporkan Bocor di Web)\nhttps://t.co/2QWa66p8H4\n\n#shopee #racunshopee #ootd\n\nhttps://t.co/j70GgL2nwu \xe2\x80\x93\xe2\x80\xa6 https://t.co/d4rElSNJ0T'
2021-11-18 06:42:07+00:00,1461223171948875781,Telusur.co.id,b'Ribuan Data Polri Bocor Dan Dibagikan Secara Gratis di Forum Online'
2021-11-18 06:37:19+00:00,1461221967533461512,Liputan6.com,b'Ada dua database Polri yang diboborkan hacker. Apa saja isinya?\nhttps://t.co/2GoLjvilrf'
2021-11-18 06:33:29+00:00,1461221002583629824,cakrawala rafflesia,"b'Data Anggota Bocor, Pakar Sebut Situs Polri Berkali-kali\xc2\xa0Diretas https://t.co/lXhpdpy8jV'"
2021-11-18 06:29:24+00:00,1461219971774754819,Cendana News,b'Diduga Data Polri Bocor dan Dibagikan\xc2\xa0Gratis https://t.co/rDy0NunmXt'
2021-11-18 06:29:03+00:00,1461219883769688071,suaradotcom,"b'Peretasan yang dilakukan pun beragam mulai dari pengubahan penampilan (deface), mengubah menjadi situs judi online\xe2\x80\xa6 https://t.co/iQM3751FLX'"
2021-11-18 06:22:34+00:00,1461218253225672704,ANTARASULSEL.Com,b'CISSReC: Ribuan data Polri bocor dan dibagikan secara gratis di forum internet https://t.co/lGDqg42igE'
2021-11-18 06:19:52+00:00,1461217575933657089,suaradotcom,b'Peretas tersebut memberikan link yang bisa diunduh berisikan sampel hasil peretasan yakni databese personil Polri.\n\nhttps://t.co/Dns7rrrOnr'
2021-11-18 06:18:56+00:00,1461217338326278146,Jawa Pos,b'Data Polri Dilaporkan Bocor di Internet https://t.co/iDamyuobol'
2021-11-18 06:18:32+00:00,1461217237839147009,Liputan6.com,b'RT @Lip6Tekno: Ini Jenis Data Pribadi Anggota Polri yang Diduga Bocor di Forum Online https://t.co/rUQ5x93nqc'
2021-11-18 06:18:02+00:00,1461217112249147403,Tekno Liputan6,b'Ini Jenis Data Pribadi Anggota Polri yang Diduga Bocor di Forum Online https://t.co/rUQ5x93nqc'
2021-11-18 06:07:41+00:00,1461214506365849606,Merdeka.com,b'Data Pribadi Personel Polri Diduga Bocor https://t.co/ZRXkta3lLC'
2021-11-18 06:01:01+00:00,1461212832259706882,‚Çñ‚Çê‚Çôg C‚Çí‚Çò‚Çí‚Çú,"b'Situs Kepolisian Republik Indonesia (Polri) menjadi korban peretasan oleh hacker asal Brasil, Son1x.\n-\nAkibat ulah\xe2\x80\xa6 https://t.co/wabteTWW3J'"
2021-11-18 05:57:03+00:00,1461211831901429763,Liputan6.com,b'RT @Lip6Tekno: Data Pribadi Personil Polri Diduga Bocor di Forum Online https://t.co/4vQuzvBQBa'
2021-11-18 05:56:04+00:00,1461211584357826562,Tekno Liputan6,b'Data Pribadi Personil Polri Diduga Bocor di Forum Online https://t.co/4vQuzvBQBa'
2021-11-18 05:56:02+00:00,1461211576447365121,JPNN.com,b'Pakar keamanan siber Pratama Persadha mengatakan data personel Polri diduga bocor dan dibagikan secara gratis di fo\xe2\x80\xa6 https://t.co/UfsOIgg4Mx'
2021-11-18 05:55:45+00:00,1461211507069374465,üáÆüá©üáØüá¥Piyu ankerüáØüá¥üáÆüá©,b'RT @liputan6dotcom: Pakar Keamanan Siber mengungkap data pribadi personil Polri diduga sudah bocor di forum online.\nhttps://t.co/z0O1gXG9Gh'
2021-11-18 05:41:59+00:00,1461208038824497154,Liputan6.com,b'Pakar Keamanan Siber mengungkap data pribadi personil Polri diduga sudah bocor di forum online.\nhttps://t.co/z0O1gXG9Gh'
2021-11-18 05:37:17+00:00,1461206857989582850,CAESAR,"b'Boljug nih VOI, tweet aslinya udah ilang eh ternyata dia keep di website dia semua textnya bukan embedded jadi masi\xe2\x80\xa6 https://t.co/dJXXA22t6X'"
2021-11-18 05:22:51+00:00,1461203223822356482,dara.co.id,"b'Ribuan Data Polri Bocor, Pakar Siber Pratama Persadha Sarankan\xc2\xa0Begini https://t.co/IbIn8FXuD7'"
2021-11-18 04:44:00+00:00,1461193449852456961,BERITA POLITIK,"b'Gawat! Hacker Brazil Bobol Database Polri, Semua Data Pribadi Bocor https://t.co/RfG4gm0iJE https://t.co/GJSKI7jUUG'"
2021-11-18 03:57:21+00:00,1461181708431093761,Putra05‚¨ÖÔ∏è,b'@tvOneNews \xf0\x9f\x98\xb1\xf0\x9f\x98\xb1\nData pemilik negeri bocor\nBagaimana dgn data kami yg menumpang ini?\nPasti tidak aman...'
2021-11-18 03:51:14+00:00,1461180170304311298,Y Ruhiyat,"b'RT @democrazymedia: Gawat! Hacker Brazil Bobol Database Polri, Semua Data Pribadi Bocor\nhttps://t.co/EsgUfpW7Aj'"
2021-11-18 03:45:00+00:00,1461178599738728449,DEMOCRAZY News,"b'Gawat! Hacker Brazil Bobol Database Polri, Semua Data Pribadi Bocor\nhttps://t.co/EsgUfpW7Aj'"
2021-11-18 03:28:43+00:00,1461174502222532612,Faisal Darmawan Hr.,"b'@the_darth_maul_ @txtdrberseragam ohya kalo boleh tau, data yang diretas dari BSSN data apa ya mas? kalo polri ini\xe2\x80\xa6 https://t.co/J3vvRzyzox'"
2021-11-18 03:23:58+00:00,1461173307026583552,Suwanto Raharjo,b'Bagaimana isi tabel2 dalam sebuah basis data relasional dapat bocor kemana-mana ? Faktornya tentu banyak dan macem-\xe2\x80\xa6 https://t.co/4KgHw8ajao'
2021-11-17 23:41:52+00:00,1461117415014625282,ellephantz_dip,"b'RT @hms_antares: @nikolausharbowo Setahun udah berapa coba yang kena deface, ddos, dan bocor data \xf0\x9f\xa4\xa3'"
2021-11-17 23:22:02+00:00,1461112425156001794,Tambleg,"b'@kikysaputrii Iya nih semenjak ada kasus data bocor, tsel jd gimana gitu,,'"
2021-11-17 22:18:33+00:00,1461096447693131777,¬∞mei¬∞ pyororo,b'@tubirfess Tapi selain dr alamat paket data manusia di indonesia sudah bocor juga \xf0\x9f\x98\xad'
2021-11-17 18:04:35+00:00,1461032535916351490,ri s m,b'@tubirfess Data bocor itumah'
2021-11-17 17:43:05+00:00,1461027124840579075,Luke,"b'Kayaknya ini data bocor, soalnya kena yg emang sering belanja cod https://t.co/hy18TUYvM4'"
2021-11-17 16:22:35+00:00,1461006867144925188,Ven~ üåªOPEN TF PayPal,"b'@tubirfess Eh ini ada yg pernah bikin threadnya, udah sindikat ini dan di thread bilang kalau kemungkinan besar dat\xe2\x80\xa6 https://t.co/N5fjJLwocA'"
2021-11-17 14:17:30+00:00,1460975387932909569,Elok,b'@Avatar_Rokupang @KediriFess bisa taunya kalo data bocor itu gimana?'
2021-11-17 13:26:19+00:00,1460962506621341699,irwan l RUMINATION,b'@redandviollet tapi kan itu minnie kasih waktu nya kali makanya vlive nya yg tadi di hapus takut data bocor \xf0\x9f\x98\x82'
2021-11-17 10:21:15+00:00,1460915934386814979,yana royana,"b'RT @Hafidz_AR1924: Kalau data sudah bocor, bentuk tanggungjawabnya apa?'"
2021-11-17 10:20:04+00:00,1460915636029181959,dzaki,b'@CNNIndonesia Data penduduk aja masih banyak yg bocor....'
2021-11-17 10:04:07+00:00,1460911622772310018,iqbal,"b'Hallo @BANKBRI_ID tolong tindaklanjutnya, kenapa data nasabah kartu kredit bri bisa bocor ke CHUBB-life insurance tolong tanggung jawab...'"
2021-11-17 08:44:30+00:00,1460891585130876928,üê≤üêâ | Read Vinland Saga,b'Mau verifikasi data tokped aja nggak bisa dikasih watermark dulu KTPnya. Selama belum ada perlindungan data konsume\xe2\x80\xa6 https://t.co/NoJxeRPm0R'
2021-11-17 06:51:42+00:00,1460863196844097539,TIFA,"b'Tiap hari ditelponin sales kartu kredit, sales rumah, sales mobil \n\nIni data apa bocor apa gimana? \xf0\x9f\x98\x91'"
2021-11-17 04:42:32+00:00,1460830691470446598,Meüáπüá∑üáÆüá©,"b'@zarazettirazr Bocar bocor aja kayak ember, apa sih data yg gak bisa bocor di Indonesia?. Edisi Ruwetnesia !!'"
2021-11-17 04:36:35+00:00,1460829194418458626,GUARANTEED SHENHE HAVER,b'@zwolftenaugust Coba scroll ke bawah. Biasanya ditulis breachnua darimana. Gw dari tokped yg kasus data bocor itu wkwk'
2021-11-17 04:26:24+00:00,1460826630440382468,aci,b'@mempersulit wkwkwkw berarti bocor ya data ne'
2021-11-17 04:13:47+00:00,1460823455046115328,amien aja,"b'Min @HaloBCA Tadi ada yg call saya nawarin kta dari dbs, trus bilang dpt no saya dari pt aki dimana no saya d dpt d\xe2\x80\xa6 https://t.co/BLIOPzOKCq'"
2021-11-17 03:00:18+00:00,1460804965765505029,Putra Lubbis,"b""Kamu gak perlu khawatir data akan 'bocor', karena kerahasiaan dan keamanan informasi kamu adalah prioritas kami. Se\xe2\x80\xa6 https://t.co/XIz9MVh6bQ"""
2021-11-17 02:08:30+00:00,1460791929507958785,‚òÜ TVIXXQ ‚òÜ,"b'@Dyanasthasia You should fear now; data NIK Presiden Jokowi sudah ketahuan oleh publik, jual beli data kependudukan\xe2\x80\xa6 https://t.co/JkHT4L8rBe'"
2021-11-16 23:54:54+00:00,1460758308432666629,dracan,b'@jeniushelp Ga membagikan data min. Tapi data saya emang bocor sebelumnya makanya ditelepon dan meyakinkan sekali m\xe2\x80\xa6 https://t.co/yfKETbgLXA'
2021-11-16 23:21:41+00:00,1460749949134508040,dracan,b'@jeniushelp Data tapi udah bocor halus sejak 2020 min'
2021-11-16 23:15:56+00:00,1460748502284210176,dracan,b'@jeniushelp @hsn19 Kenapa ga langsung jawab aja kalo emang ada solusinya min?\n\nBank ga perlu lah segitu takutnya ke\xe2\x80\xa6 https://t.co/hIdhYC2HS4'
2021-11-16 12:54:41+00:00,1460592157006331905,Jaringan Akademisi GERAK,"b'Ketika kasus lama ditangani, misalnya, data bocor di sosial media, kampus akan sibuk memadamkan kebakaran dan bisa\xe2\x80\xa6 https://t.co/1YFDUOutNl'"
2021-11-16 12:50:49+00:00,1460591185748135936,DearÏºÄÏù¥ ‚òÄÔ∏è,b'@dowoonverse WKWKWKKWKW ALL HAIL AKUN PRIV \xf0\x9f\x98\x97\xf0\x9f\x98\x97\xf0\x9f\x98\x97\n\nLebih panik kalo akun priv ke publish dibanding data bocor /j'
2021-11-16 08:22:27+00:00,1460523646657589248,avizena zen,b'Kamu gak perlu takut nomor pin atau data lain bocor kalau pakai kartu debit BCA chip #ChipLebihSip'
2021-11-16 07:23:10+00:00,1460508728776486919,isoll,"b'Apalagi bisa dengan mengganti ke kartu debit ber Chip, kita bisa menggunakan layanan debit online dengan aman nggak\xe2\x80\xa6 https://t.co/mwSqcbE0R0'"
2021-11-16 07:10:15+00:00,1460505480103530499,ismiiwüåªüåà,b'@ysxhhh Di oren ada tapi takut data bocor'
2021-11-16 06:40:31+00:00,1460497996391481346,√°,b'Hampir setiap hari jg brute forcenya. Entah kenapa gw menuduh tokped karna sempet bocor data pelanggan (meskipun ud\xe2\x80\xa6 https://t.co/ha3pGz8fyv'
2021-11-16 04:37:37+00:00,1460467068650733571,Mel√©kmedia,"b'Dari sekian banyak kasus kebocoran data di Indonesia, siapa yang sudah mempertanggungjawabkannya? Kepada publik, pe\xe2\x80\xa6 https://t.co/9ilvxahslj'"
2021-11-16 04:19:26+00:00,1460462492337930242,jaje,b'@QUANXlE \xf0\x9f\x98\xad\xf0\x9f\x98\xad\xf0\x9f\x98\xad\xf0\x9f\x98\xad mending kita jd juniornya nikmir ntar dipanggil pas ada data negara bocor'
2021-11-16 04:16:54+00:00,1460461851137871884,Mel√©kmedia,b'Contoh liputan kasus kebocoran data pribadi di Indonesia:\n\nData Pribadi yang Bocor Diduga Kuat Identik dengan Data\xe2\x80\xa6 https://t.co/JNZifBtUK0'
2021-11-16 04:01:11+00:00,1460457899369455617,B/Bong üé≠,b'RT @SsomBright: @bonngbudi Saya sering dpt penipuan gini om...\nKok bisa ya data kita bocor gini...heran'
2021-11-16 04:00:48+00:00,1460457801537392643,üåª ùìëùì≤ùì≤ùìëùì≤ùì≤ üåª,b'@bonngbudi Saya sering dpt penipuan gini om...\nKok bisa ya data kita bocor gini...heran'
2021-11-16 04:00:11+00:00,1460457646939459587,Mel√©kmedia,"b'Kalau data di sebuah platform bocor, pengelola wajib memberitahukan ke pengguna secara cepat dan detail. \n\nJangan n\xe2\x80\xa6 https://t.co/3qJbbeR2Lz'"
2021-11-16 03:25:51+00:00,1460449005486231555,nanda rizkika,"b'Pernah make canva nggak, tapi data bocor dari situ https://t.co/St25dx4vVv'"
2021-11-16 03:00:42+00:00,1460442678106095617,liaüçÄ,"b'@hidup_cuma itu biasanya data nomornya bocor kak, aku dulu sering gitu sekarang dah ganti'"
2021-11-16 02:59:09+00:00,1460442287930953731,Nabsap,"b""Kamu gak perlu khawatir data akan 'bocor', karena kerahasiaan dan keamanan informasi kamu adalah prioritas kami. Se\xe2\x80\xa6 https://t.co/dWP8GqOaEx"""
2021-11-16 02:01:53+00:00,1460427873458688003,bs ÈíüÁÅ´ÈÅ†,b'gw mau daftar fucksin online ga bisa karna semalam gw baru download pedulilindungi. isi datang my full name and NIK\xe2\x80\xa6 https://t.co/WrS3oxkGUd'
2021-11-15 15:34:30+00:00,1460269987348713478,Panggil aja bro,"b'RT @Nerokumaaa: Yep udah lama pengen goreng kasus scamming variant baru yang ngemanfaatin data bocor dari salah satu e-commerce ini, berhub\xe2\x80\xa6'"
2021-11-15 13:54:51+00:00,1460244911488339972,ÎπÖÎ¶¨ÌÇ§ üçì,"b'@txtdaribogor @AdriantoRafid Tah eta, bisa-bisanya web resmi kpu Bogor uploadin ktp, ini mungkin data di database y\xe2\x80\xa6 https://t.co/dMHifzDed4'"
2021-11-15 12:23:58+00:00,1460222039147487233,Reece,b'TOP UP 800rb ke @ovo_id pakai bank @bankmandiri atas Nama SUTRISNO HADI tp Kok nyasar ke no hp OVO orang Lain atas\xe2\x80\xa6 https://t.co/6EPzUczNdM'
2021-11-15 11:51:00+00:00,1460213743762087939,StinenGoshyaX,"b'RT @Nerokumaaa: Yep udah lama pengen goreng kasus scamming variant baru yang ngemanfaatin data bocor dari salah satu e-commerce ini, berhub\xe2\x80\xa6'"
2021-11-15 10:24:46+00:00,1460192042949103618,bianca is ‚ô°ing ronz,b'@bertanyarl nder..siapa tau data kamu bocor disalahgunakan. temen aku pernah soalnya'
2021-11-15 10:22:56+00:00,1460191578950037511,bila.,b'@bertanyarl Itu bisa jd data diri kamu bocor terus ada yg make gasii??'
2021-11-15 08:33:12+00:00,1460163966492049411,Angah Anak No. 2,b'@FctcMalaysia @Khairykj @judasmad @KKMPutrajaya @501Awani @beritartm Salam tuan ada jaminan pelindungan data periba\xe2\x80\xa6 https://t.co/pcoSABb6Ry'
2021-11-15 06:32:00+00:00,1460133466293501953,ciciüåª,b'@cocowcoco bisa jd data km bocor'
2021-11-15 05:57:07+00:00,1460124687623622659,Mas-mas biasa,b'@unauthority Gak heran kenapa data di indonesia gampang bocor'
2021-11-15 05:27:24+00:00,1460117208357490692,Benuuu,b'Negara wakanda lebih sering bocor data penduduknya aja cmn klarifikasi https://t.co/1hrgB0LRZM'
2021-11-15 04:28:11+00:00,1460102304015679490,ABR,"b'salah alamat karena mnrt sy bkn ke eksekutif yg utama tapi legislatif, baru lembaga lain nya nyusul\n\n20A 28d 28 A.\xe2\x80\xa6 https://t.co/ltWGxWCr6z'"
2021-11-15 03:27:30+00:00,1460087031925653509,kayemin,"b'RT @Nerokumaaa: Yep udah lama pengen goreng kasus scamming variant baru yang ngemanfaatin data bocor dari salah satu e-commerce ini, berhub\xe2\x80\xa6'"
2021-11-15 02:41:50+00:00,1460075542011531266,Hngogey,"b'@tvindonesiawkwk ""Jangan cetak sertifikat vaksin jadi kartu fisik, nanti datanya bocor dan dijual""\n\n""Gblk, data kit\xe2\x80\xa6 https://t.co/gHNNRjq7UO'"
2021-11-15 01:38:31+00:00,1460059608790102023,nea OPEN,"b'kamu order, jika melanggar maka garansi akan hangus\n\xe2\x98\x85 App yang membutuhkan data/email cust, TIDAK akan bocor, mohon\xe2\x80\xa6 https://t.co/AGNjS72hMq'"
