2021-11-16 12:35:02+00:00,1460587212248997895,üí§al,"b'Jadi saya baru korek kabar tentang Pandora Papers. Sebuah kebocoran data finansial dari ratusan perusahaan cangkang milik beberapa pejabat negara, miliarder, selebritis, atlet dll. Perusahaan cangkang ini bisa dibilang badan usaha yang cuma ada namanya aja biar legal. ...'"
2021-11-16 11:51:18+00:00,1460576207645204485,uzone.id,"b'Tanpa UU PDP, Masyarakat \xe2\x80\x98Buta\xe2\x80\x99 Kalau Ada Kebocoran Data #uzoneID #lifestyle #viral https://t.co/yFoxCNLFo4'"
2021-11-16 10:07:08+00:00,1460549990946775043,Kompas.com,b'Nama terduga pelaku pengunggah data guru di Banten ke situs penyimpanan dokumen https://t.co/JpONNRrEtY tercantum di antara daftar 815 guru yang datanya tersebar. https://t.co/xmnp7KiWsG'
2021-11-16 09:05:57+00:00,1460534595812671496,dha_nitya,"b'Para semua nasabah BCA tercinta dngan chip, akan menjaga kerahasiaan data kartu debit BCA milik pribadi. Untuk menghindari kebocoran data agar tidak disalahgunakan. Kartu chip lebih aman dari tindak pencurian data karena tidak mudah digandakan. @GoodLifeBCA\n#ChipLebihSip'"
2021-11-16 07:50:14+00:00,1460515539277651976,Solusi Setiap Masalah Laptopmu,b'@fervidulcinea @gmail kakaknya bisa coba untuk kontak tim google agar bisa di bantu karena masalah kakaknya ini bisa menyebabkan kehilangan / kebocoran data di akun email-nya.'
2021-11-16 07:32:24+00:00,1460511053649825793,Meli Engku,"b'Dengan chip, akan menjaga kerahasiaan data kartu debit BCA milik pribadi. Untuk menghindari kebocoran data agar tidak disalahgunakan. Kartu chip lebih aman dari tindak pencurian data karena tidak mudah digandakan. @GoodLifeBCA #ChipLebihSip https://t.co/RLYVtooHNK'"
2021-11-16 06:46:24+00:00,1460499475491811334,üá≤üáæüáµüá∏ Muhammad Fareez Fathurrahman,b'Module 3\n\n- Kenali potensi cashflow kita\n- Cari punca kebocoran\n- rekod dan analisa data aliran keluar masuk duit https://t.co/u3EvhyAE6a'
2021-11-16 04:43:19+00:00,1460468499860525063,jupo / zulfan,"b'RT @ggonekimchi: Hei penting sekali untuk kamu yang mau buka mbanking dan yg sudah, JANGAN GUNAKAN EMAIL YANG SAMA DENGAN EMAIL SOSMED untu\xe2\x80\xa6'"
2021-11-16 04:37:37+00:00,1460467068650733571,Mel√©kmedia,"b'Dari sekian banyak kasus kebocoran data di Indonesia, siapa yang sudah mempertanggungjawabkannya? Kepada publik, pengguna yang datanya telanjur bocor?'"
2021-11-16 04:16:54+00:00,1460461851137871884,Mel√©kmedia,b'Contoh liputan kasus kebocoran data pribadi di Indonesia:\n\nData Pribadi yang Bocor Diduga Kuat Identik dengan Data BPJS Kesehatan https://t.co/JvkzTqQLJ3'
2021-11-16 03:43:09+00:00,1460453361468076041,Saaaa Ó®Ä,"b'Hei penting sekali untuk kamu yang mau buka mbanking dan yg sudah, JANGAN GUNAKAN EMAIL YANG SAMA DENGAN EMAIL SOSMED untuk meminimalisir kebocoran data melalui email \xf0\x9f\x99\x8f\xf0\x9f\x8f\xbb'"
2021-11-16 03:26:02+00:00,1460449050872795140,Yenya.,"b'@hanseunghwo Kata mama buat apa, takut kebocoran data.'"
2021-11-16 02:17:48+00:00,1460431879312527370,Bapakmu to,"b'@txtdarionlshop Cuma sekarang fake order mengatasnamakan kita dengan menggunakan metode COD banyak banget, udah 5x ini dapet paket COD yang gapernah order apapun akhirnya di retur. Lebih tepatnya kebocoran data sih'"
2021-11-15 16:39:39+00:00,1460286386360045568,Wong Fei Hung,b'@adamkferdinand2 Problem nya ada di boomer. Tipikal boomer: usulan ada tanpa mikirin mitigasi risiko kebocoran data. Contoh: data KTP dari BPJS yg diperjualbelikan secara ilegal awowkokw\n\nKnpa problemnya ada di boomer? Karena yg megang kuasa pimpinan emang orang2 yg ada diumuran mereka'
2021-11-15 15:36:48+00:00,1460270568175923204,Menvias,"b'@txtdaribogor Min, ketimbang lu ngesarkas mendingan kasih tau anjir ke pemerintah kota biar di-notice ada masalah kebocoran data'"
2021-11-15 14:19:28+00:00,1460251104759873537,louie,b'@txtdaribogor Asli mantep emang masalah kebocoran data. Gw beli motor aja tiba2 dibilang tangan ke 4 wkwkwk ajg lah emang ini negara.'
2021-11-15 13:57:48+00:00,1460245653968228359,Putri üåô,b'Mantapnya kebocoran data ini https://t.co/rVePCa4fZu'
2021-11-15 11:29:40+00:00,1460208374197350406,Think Policy,"b'Hacker, hacker apa yang lawful good? Ya, ethical hacker! \n\nKenalin, Kak @secgron, Founder dari @EthicalHackID yang selalu ingetin kamu untuk periksa kebocoran data lewat @periksadata. \xf0\x9f\xa4\xa9 https://t.co/dz8O4GT2TH'"
2021-11-15 11:27:55+00:00,1460207935955488770,Adri,"b'@tokopedia @TokopediaCare Ada balasan seperti screenshot terlampir.\nTapi saya tidak mengenal nama dan nomor telepon yang digunakan oleh akun yang disebutkan dalam balasan tersebut.\nData digital seperti apa yang dimaksud dalam balasan tersebut?\nApakah berarti kebocoran data pribadi, pada sistem Tokopedia? https://t.co/ovJEgoe1ps'"
2021-11-15 09:44:27+00:00,1460181893924765697,Sseureki,b'@chesterchaz_rey Kebocoran data nih! Ke keluarga sendiri \xf0\x9f\xa4\xa3\xf0\x9f\x98\x82'
2021-11-15 06:58:52+00:00,1460140226467098626,Melfin Zaenuri,"b'RT @StrategicLab_: #STRATEGICNOW \n\nMeskipun digitalisasi membawa banyak kemudahan dan kebermanfaatan bagi manusia, namun terdapat kerentana\xe2\x80\xa6'"
2021-11-15 06:50:13+00:00,1460138048528674816,The Strategic Lab,"b""#STRATEGICNOW \n\nMeskipun digitalisasi membawa banyak kemudahan dan kebermanfaatan bagi manusia, namun terdapat kerentanan dalam ruang digital kita. Kerentanan itu meliputi ancaman kebebasan berpendapat dan kebocoran data.\n\nLet's think strategic! \n\n#uuite #kebebasanberpendapat https://t.co/dHiJ04LRuF"""
2021-11-15 05:11:31+00:00,1460113211617800195,White Album,"b'@tvindonesiawkwk Itu dosen lagi bahas Google Street View, apa hubungannya ya ama kebocoran data kpu? Emang dia ketua kpu atau dari kementerian?'"
2021-11-15 04:09:53+00:00,1460097698040672261,Adibim,b'Google menyensor wajah &amp; plat nomor kendaraan orang yg gambarnya terambil\nLah kebocoran data ktp? https://t.co/9IMbBtQRX1'
2021-11-15 02:15:44+00:00,1460068971516858368,Zoe |,b'@daeaJboi Kebocoran data kah? Iya memang setidaknya kertasnya dicopot dari kardus terus masukin sampah yg basah biar gak keambil orang'
2021-11-15 02:01:22+00:00,1460065355989065730,Telkomsel,"b'@kikaaaa25 Hi, Kak Rizqi. Maaf ya atas adanya kebocoran data. Kami tlh berkomitmen dlm menerapkan standar operasional penanganan dan perlindungan kerahasiaan data pelanggan, dimana hal tsb adl prioritas utama kami dlm memastikan kenyamanan thd ragam layanan Telkomsel. Tks \xf0\x9f\x98\x8a -Kia'"
2021-11-14 10:47:55+00:00,1459835480875298819,Pupuh Venom,"b""Jenius kocak jg nih ngaku gaada kebocoran data tp bbrp (mungkin mayoritas) nasabah ketarik 1 USD buat bayar AWS.\n\nThey didn't detected the data leak, or maybe their system somehow coded charging their customer's account for paying their AWS rent? https://t.co/a4GbfS3cLW"""
2021-11-14 08:56:37+00:00,1459807469870354434,ali,b'RT @Dynbnyy: Kalau mau upload KTP ditandain dulu biar bisa dilacak kalo besok jadi korban kebocoran data. \n\nBagaimana caranya?\n\n[A Thread]\xe2\x80\xa6'
2021-11-14 07:23:56+00:00,1459784146495045634,Math,"b'Halo @Telkomsel, ini kalian ada kebocoran data atau gimana?\n1. Nomor saya ditelfon pakai nomor pribadi dengan menyebut data diri saya serta nomor kedua saya.\n2. Penelfon mengetahui secara rinci jumlah poin telkomsel saya lalu mengiming2kan akan dibantu redeem tagihan 2 bulan -'"
2021-11-14 00:22:16+00:00,1459678031048437760,Netameyca,"b'Waspada,sdh seharusnya membudayakan awarennes pd masyarakat awam agar tdk terjebak dlm kejahatan cyber,nyaris seluruh masyarakat dunia terkoneksi digital(tada menafikkan adanya kebocoran data) https://t.co/btnk0MeVfR'"
2021-11-13 23:59:29+00:00,1459672297053188098,rara,b'RT @Dynbnyy: Kalau mau upload KTP ditandain dulu biar bisa dilacak kalo besok jadi korban kebocoran data. \n\nBagaimana caranya?\n\n[A Thread]\xe2\x80\xa6'
2021-11-13 16:47:23+00:00,1459563554164514819,Khoeruzzaman,b'RT @secgron: Masyarakat dipaksa menggunakan aplikasi ga jelas yang dibuat oleh mereka yang seringkali keamanannya buruk sekali. Ketika terj\xe2\x80\xa6'
2021-11-13 14:36:48+00:00,1459530691968860164,Diah Widiantari,b'Itu badan yg mempolisikan greenpeace.. gtu amat.. coba deh kebocoran data yg gtu2 deh dibongkar. Bantu urus perlindungan data. Urus cyber crime. Dah laahh..'
2021-11-13 12:13:46+00:00,1459494698309980164,@bambangsli,"b'Kebocoran Data sudah biasa khas +62 \n\nMenunggu keseriusan &amp; keberanian para penegak hukum memberantas dan menghukum berat para bandar"" judi\xf0\x9f\x91\x8c\n\nRingan 3-4 bulan doang \xf0\x9f\x91\x8f \n\nhttps://t.co/Kat0hNFOo6'"
2021-11-13 07:43:09+00:00,1459426594926202882,Gus Choy Markochoy,"b'RT @elsamnews: Psst, btw btw, gimana nih menurut kawan-kawan semua mengenai cara pemerintah menangani kasus-kasus kebocoran dan penyalahgun\xe2\x80\xa6'"
2021-11-13 04:46:09+00:00,1459382050587168776,dracan,b'@reizora @jeniushelp @JeniusConnect Takut ketahuan semakin besar kebocoran data. Ini aja udah jelas bocor halus ratusan orang komplain di twitter di saat bersamaan tapi masih denial.\n\nSetali 3 uang sesat pikir = victim blaming-denying the victim-playing victim.\nPrinsipnya mending mati ketimbang jujur'
2021-11-12 17:53:36+00:00,1459217829991890950,dracan,"b'RT @Mituanzy: @JeniusConnect halo min, barusan saya dapat telpon mengatasnamakan jenius. Oknum bisa mengetahui nama dan nomor kartu saya. A\xe2\x80\xa6'"
2021-11-12 17:49:47+00:00,1459216870981058568,dracan,b'RT @theeyesmetheart: Halo @jeniushelp @JeniusConnect \n\nAda pemotongan 5000 krn saldo ecard saya tidak mencukupi utk dipakai di Aliexpress.\xe2\x80\xa6'
2021-11-12 13:03:57+00:00,1459144936058613760,Alia Yofira,"b'RT @elsamnews: RUU PDP perlu segera disahkan. DPR dan pemerintah jangan nunggu ada kebocoran data lagi, korban lagi, kebocoran data lagi, k\xe2\x80\xa6'"
2021-11-12 13:03:53+00:00,1459144920682283008,Alia Yofira,"b'RT @elsamnews: Rasanya, pesimis deh melihat bagaimana tanggapan pemerintah terhadap kasus-kasus pelanggaran data pribadi, termasuk kebocora\xe2\x80\xa6'"
2021-11-12 13:00:38+00:00,1459144102516170756,ELSAM Indonesia,"b'RUU PDP perlu segera disahkan. DPR dan pemerintah jangan nunggu ada kebocoran data lagi, korban lagi, kebocoran data lagi, korban lagi, (dan gitu terus aja berulang).\n#SahkanRUUPDP #OPDPIndependen https://t.co/ug6m8zjXKt'"
2021-11-12 13:00:36+00:00,1459144093641048069,ELSAM Indonesia,"b'Rasanya, pesimis deh melihat bagaimana tanggapan pemerintah terhadap kasus-kasus pelanggaran data pribadi, termasuk kebocoran-kebocoran data pribadi yang masif banget ini.\n\n#SahkanRUUPDP #OPDPIndependen'"
2021-11-12 12:49:02+00:00,1459141182265585672,Alia Yofira,"b'RT @elsamnews: Psst, btw btw, gimana nih menurut kawan-kawan semua mengenai cara pemerintah menangani kasus-kasus kebocoran dan penyalahgun\xe2\x80\xa6'"
2021-11-12 12:46:38+00:00,1459140580995260426,ELSAM Indonesia,"b'Psst, btw btw, gimana nih menurut kawan-kawan semua mengenai cara pemerintah menangani kasus-kasus kebocoran dan penyalahgunaan data pribadi saat ini? Udah cukup ga sih guys?\n\n#SahkanRUUPDP #OPDPIndependen https://t.co/BzVCXnExyp'"
2021-11-12 09:39:03+00:00,1459093374124789762,pwmu.co,b'DPR Desak Kemendikbudristek Tangani Kasus Kebocoran Data Guru di Banten https://t.co/eq4LEVC3Tw https://t.co/h8CfsdWQpq'
2021-11-12 09:30:23+00:00,1459091192063295491,Boe,b'RT @Mdy_Asmara1701: Kok bisa data guru bocor?? \xf0\x9f\xa4\x94\nUsut tuntas!\n\nAnggota DPR RI dari @Official_PAN mendorong pihak kepolisian agar memproses\xe2\x80\xa6'
2021-11-12 08:24:49+00:00,1459074691117682689,üáÆüá©ikaaf (ayu)üáÆüá©,"b'RT @dyahNeZza: Wahh kok bisa gini ya? \n\nSoal Kebocoran Data Guru di Banten, PAN: Polisi Harus Bertindak Apabila Ada Unsur Kesengajaan. \n\n@O\xe2\x80\xa6'"
2021-11-12 06:16:39+00:00,1459042439000309760,KabarGolkar,"b'Capek Dengar Kasus Kebocoran Data, Golkar Harap RUU Perlindungan Data Pribadi Bisa Segera Diselesaikan  https://t.co/2XgXPmw6S6'"
2021-11-12 04:54:14+00:00,1459021696061435911,EdwarFeggy,"b'RT @dyahNeZza: Wahh kok bisa gini ya? \n\nSoal Kebocoran Data Guru di Banten, PAN: Polisi Harus Bertindak Apabila Ada Unsur Kesengajaan. \n\n@O\xe2\x80\xa6'"
2021-11-12 04:37:53+00:00,1459017584251052035,@is_pelssy,"b'RT @dyahNeZza: Wahh kok bisa gini ya? \n\nSoal Kebocoran Data Guru di Banten, PAN: Polisi Harus Bertindak Apabila Ada Unsur Kesengajaan. \n\n@O\xe2\x80\xa6'"
2021-11-12 03:34:42+00:00,1459001682738647043,PDIP HANCURKAN NKRI,"b'RT @dimasakbarz: Ini guru2 udah paling sering kena PHP, ehh sekarang ketiban sial bocornya data.\n\n""Soal Kebocoran Data Guru di Banten, PAN\xe2\x80\xa6'"
2021-11-12 03:30:48+00:00,1459000698792660998,dracan,"b'@adrianto_wijaya @jeniushelp Obviously kebocoran data. Tapi ketimbang jujur nampaknya lebih baik mati drpd jenius btpn mengakui kelalaiannya.\n\nBiasanya sih pertama disalahin nasabah (posisi lemah), tapi kali ini merchant yg jadi kambing hitam. Pdhl merchant dapet data dari mana? Dari bank of Somalia?'"
2021-11-12 03:24:36+00:00,1458999138629009408,Dimas Prakoso Akbar,"b'RT @dyahNeZza: Wahh kok bisa gini ya? \n\nSoal Kebocoran Data Guru di Banten, PAN: Polisi Harus Bertindak Apabila Ada Unsur Kesengajaan. \n\n@O\xe2\x80\xa6'"
2021-11-12 03:23:07+00:00,1458998764853620739,K I K I,"b'Anggota Komisi X F-PAN DPR RI , Zainuddin Maliki Minta Kemendikbud Perbaiki Kebocoran Data Guru di Banten\n\n@Official_PAN @BeritaPAN \n\nhttps://t.co/DM3WiB7ZK9'"
2021-11-12 03:18:47+00:00,1458997675261513728,Dyah_neZz üåª,"b'Wahh kok bisa gini ya? \n\nSoal Kebocoran Data Guru di Banten, PAN: Polisi Harus Bertindak Apabila Ada Unsur Kesengajaan. \n\n@Official_PAN\n@PAN_Bergerak\nhttps://t.co/qYzYYjfbCy'"
2021-11-12 03:03:38+00:00,1458993863595413508,Adinda Zahrany,b'RT @Mdy_Asmara1701: Kok bisa data guru bocor?? \xf0\x9f\xa4\x94\nUsut tuntas!\n\nAnggota DPR RI dari @Official_PAN mendorong pihak kepolisian agar memproses\xe2\x80\xa6'
2021-11-12 02:01:34+00:00,1458978244087091202,Maudy Asmara,b'Kok bisa data guru bocor?? \xf0\x9f\xa4\x94\nUsut tuntas!\n\nAnggota DPR RI dari @Official_PAN mendorong pihak kepolisian agar memproses kelalaian yang dilakukan oleh oknum petugas Dindik Banten.  https://t.co/DwW8bww0Zr'
2021-11-12 01:46:49+00:00,1458974530748104705,Masdhan,"b'KENAPA SELALU GURU YANG DIPERMAINKAN?? \xf0\x9f\x98\x93\xf0\x9f\x98\x93\xf0\x9f\x98\x93\n\nAnggota Komisi X F-PAN DPR RI , Zainuddin Maliki Minta Kemendikbud Perbaiki Kebocoran Data Guru di Banten\n\ncc @Official_PAN, @BeritaPAN, @PAN_Bergerak\n\nhttps://t.co/2U4yaJqQn4'"
2021-11-12 01:28:07+00:00,1458969826446102529,Ayo Indonesia,"b'RT @dimasakbarz: Ini guru2 udah paling sering kena PHP, ehh sekarang ketiban sial bocornya data.\n\n""Soal Kebocoran Data Guru di Banten, PAN\xe2\x80\xa6'"
2021-11-12 01:17:58+00:00,1458967271972298753,Maudy Asmara,"b'RT @dimasakbarz: Ini guru2 udah paling sering kena PHP, ehh sekarang ketiban sial bocornya data.\n\n""Soal Kebocoran Data Guru di Banten, PAN\xe2\x80\xa6'"
2021-11-12 01:17:21+00:00,1458967114820116480,Dimas Prakoso Akbar,"b'Ini guru2 udah paling sering kena PHP, ehh sekarang ketiban sial bocornya data.\n\n""Soal Kebocoran Data Guru di Banten, PAN : Polisi Harus Bertindak""\n\n@Official_PAN @PAN_Bergerak\n\nhttps://t.co/IOIZdjdkxR'"
2021-11-12 01:03:39+00:00,1458963669979598882,Mahathir Bramantyo Y,b'Baru WSBK dah tercoreng. Ini belum pagelaran MotoGP dan F1 loh yg notabene alat prototipe (gak dijual dipasaran umum) yg risetnya sangat mahal. \n\nKebocoran data dan sabotase bisa aja terjadi celah. Jangan sampai dunia gak percaya lagi kepada Indonesia soal beginian.'
2021-11-11 17:23:02+00:00,1458847748917063682,Muhammad Nu'manuddin,b'Kebocoran dan penyalahgunaan data di level terendah https://t.co/lLLXSWZDCi'
2021-11-11 16:11:35+00:00,1458829769630380034,Hera,b'@orangeforas Gak menutup kemungkinan banyak idol kebocoran data rekam medisnya.'
2021-11-11 16:10:12+00:00,1458829419775021057,Hera,b'@H77_JEONGJAE Soalnya dilihat detail dia punya akses id jh dan bisa ngebuka data penyimpanan RS. Sekelas RS data kebocoran bisa dituntut apalagi sengaja di perjual belikan.\n\nGak menutup kemungkinan memang dr pihak RS nya yg sengaja menjual belikan informasi tsb'
2021-11-11 13:27:05+00:00,1458788371212369923,ranüåô,b'SUMPAH STRES BANGET NGOMONGIN KEBOCORAN DATA DI INDO DAH KAGAK ADA PERLINDUNGAN SAMA SEKALI YA ALLAH pindah warga negara kali ya gue'
2021-11-11 13:20:38+00:00,1458786747769241610,ranüåô,b'@yaamicinie yg kebocoran data ituu. kan digugat 100 miliar tp gatau ini jadinya amar putusannya gimanaa'
2021-11-11 11:10:15+00:00,1458753936563703809,üêº,"b'respon dari @JeniusConnect yang \xe2\x80\x98sangat membantu\xe2\x80\x99 ini kayak lepas tangan ya? padahal kan salah dr Jeniusnya bisa kebocoran data kartu saya sampe ada transaksi, tapi saya juga yang harus repot2 ngecek complaint saya bla2 gimana'"
2021-11-11 10:19:01+00:00,1458741044804141056,tata'¬≤¬≤,b'RT @Dynbnyy: Kalau mau upload KTP ditandain dulu biar bisa dilacak kalo besok jadi korban kebocoran data. \n\nBagaimana caranya?\n\n[A Thread]\xe2\x80\xa6'
2021-11-11 09:35:52+00:00,1458730184459243523,Republika.co.id,b'Polisi juga melakukan pendekatan ilmiah soal jejak digital kasus kebocoran data guru. https://t.co/Zj2WHglBxc'
2021-11-11 09:22:02+00:00,1458726703392387076,Kompas Ekonomi,"b'Marak Pinjol Ilegal, 360Kredi Cegah Kebocoran Data Pengguna https://t.co/9IDkvOjT9C'"
2021-11-11 09:19:07+00:00,1458725969070784512,Kompas.com,"b'360Kredi menilai, di tengah maraknya pinjol ilegal, data privasi pengguna menjadi prioritas karena industri fintech memanfaatkan kecanggihan teknologi https://t.co/MNY7eLmm2c'"
2021-11-11 08:59:07+00:00,1458720936228646913,beritabersatu.com,"b'Tindaklanjuti Kebocoran Data Guru, Ini Yang Akan Dilakukan Ditreskrimsus Polda Banten - https://t.co/fu1eMl6Eb9'"
2021-11-11 07:05:00+00:00,1458692218449907714,Beware Megathrust,"b'RT @Joker_Ulosowo: Saat ini sudah banyak sekali data NIK yang bocor, sehingga, jika NIK tetapi digunakan sebagai NPWP.\n\nMaka kemungkinan be\xe2\x80\xa6'"
2021-11-11 06:46:40+00:00,1458687604480626690,"Joker, S.T, Emp, EL, N.dok, A.Sin","b'Saat ini sudah banyak sekali data NIK yang bocor, sehingga, jika NIK tetapi digunakan sebagai NPWP.\n\nMaka kemungkinan besar juga akan terjadi kebocoran, dalam mengakses informasi wajib pajak yg seharusnya bersifat rahasia.... Seharusnya \n\nSeharusnya adalah Koentji \xf0\x9f\x94\x91\xf0\x9f\x98\x85 https://t.co/xNNe5rDZHn'"
2021-11-11 06:26:06+00:00,1458682427832881154,CfDS UGM,"b'Dengan demikian, jika terjadi kebocoran data melalui KTP yang di-submit tersebut, maka kita akan segera mengetahui siapa pihak yang bertanggung jawab berkat watermark tersebut.'"
2021-11-11 05:17:34+00:00,1458665178929631237,SCP-0705-ID (Taylor‚Äôs Version),"b'@ahbgstt Kebocoran data gituu, kyk yg kasus Tokopedia sm BPJS kemarin'"
2021-11-11 00:50:00+00:00,1458597844437266434,Harian Kompas,b'Pemerintah dan DPR berkomitmen menghadirkan UU PDP yang kuat agar kebocoran data pribadi tak terjadi. #Polhuk #AdadiKompas @iqbalbasyari @YogiWistyo\n\nhttps://t.co/gwBNaTtQPM'
2021-11-10 18:22:40+00:00,1458500369886027778,yolls üï∂,b'RT @Dynbnyy: Kalau mau upload KTP ditandain dulu biar bisa dilacak kalo besok jadi korban kebocoran data. \n\nBagaimana caranya?\n\n[A Thread]\xe2\x80\xa6'
2021-11-10 13:12:09+00:00,1458422227322474508,Independent News45,"b'Tindaklanjuti Kebocoran Data Guru, Ditreskrimsus Polda Banten Gunakan Pendekatan Ilmiah https://t.co/YHOiGlgB2Y'"
2021-11-10 12:13:34+00:00,1458407483949477894,kumparan,b'OJK mengungkapkan perbankan kebocoran data nasabah hingga serangan siber menjadi tantangan bagi industri perbankan di era digital. https://t.co/xyifgnK5gf'
2021-11-10 12:07:11+00:00,1458405876209840129,HOLYSINNER,"b'GCP card apaan dah? Nggak pesen apa-apa, install Lazada aja kagak, tiba-tiba dikirimin paket, ngeri nih kebocoran data'"
2021-11-10 10:35:34+00:00,1458382822398328832,Multa Fidrus,"b'Lakukan Pendalaman, Polda Banten Tindaklanjuti Kebocoran Data Guru https://t.co/N64MUwclFF https://t.co/5gO0Tx0vOj'"
2021-11-10 09:17:38+00:00,1458363208217948162,JIHO.,"b'@DANIELK96_here Nanti kita panggil tukang tambal ban aja kak, buat antisipadi terjadinya kebocoran data. . .'"
2021-11-10 08:38:44+00:00,1458353420302127106,pan,"b'@justika_id Kebocoran data menjadi hal penting yg perlu diperhatikan setiap perusahaan di era digital saat ini. \n\nKita akan bahas lebih lanjut dalam Webinar Teknovatus\n\xe2\x80\x9cProtect Your Critical Data From Cyber Threat with Endpoint Next Gen Level\xe2\x80\x9d\nRegister : https://t.co/lwVYljfKtH\nKamis, 25 nov https://t.co/TKnqe1jaEZ'"
2021-11-10 08:36:51+00:00,1458352943170605063,pan,"b'@txtdrbekasi Kebocoran data menjadi hal penting yg perlu diperhatikan setiap perusahaan di era digital saat ini. \n\nKita akan bahas lebih lanjut dalam Webinar Teknovatus\n\xe2\x80\x9cProtect Your Critical Data From Cyber Threat with Endpoint Next Gen Level\xe2\x80\x9d\nRegister : https://t.co/lwVYljfKtH\nKamis, 25 Nov https://t.co/ooJGqHe8RR'"
2021-11-10 08:36:03+00:00,1458352744264134659,pan,"b'@hrdbacot Kebocoran data menjadi hal penting yg perlu diperhatikan setiap perusahaan di era digital saat ini. \n\nKita akan bahas lebih lanjut dalam Webinar Teknovatus\n\xe2\x80\x9cProtect Your Critical Data From Cyber Threat with Endpoint Next Gen Level\xe2\x80\x9d\nRegister : https://t.co/lwVYljfKtH\nKamis, 25 Nov https://t.co/2K9hvKptrH'"
2021-11-10 07:32:07+00:00,1458336655413108743,dracan,"b'RT @Dhilalicia: Pdhal kita udh mengerti dan melakukan ""jgn bagikan data2 penting seperti cvv dll"" tp tetep kena lho.\n\nBrarti ada indikasi k\xe2\x80\xa6'"
2021-11-10 05:37:31+00:00,1458307814401527812,Fiat Justitia Ruat Caelum,b'RT @mineisel: @txtdarionlshop @JeniusConnect Br bgt minggu lalu n bbrp bulan lalu. merchant yg sm sekali gw gatau. Cs ngotot blg gw daftar\xe2\x80\xa6'
2021-11-10 04:28:46+00:00,1458290513094713344,medcom_id,b'7 SMA Lapor ke Dinas Pendidikan Kabupaten Tangerang Soal Kebocoran Data https://t.co/nECJZrBZZG'
2021-11-10 04:17:55+00:00,1458287783336820737,Aditt,b'Kebocoran data \xf0\x9f\x99\x88 cuma 1 tempat yg dulu pernah pake nama ini sih \xf0\x9f\x99\x88 https://t.co/0bKi50nAZT'
2021-11-10 04:06:53+00:00,1458285003796729856,Ka_Dhil,"b'Pdhal kita udh mengerti dan melakukan ""jgn bagikan data2 penting seperti cvv dll"" tp tetep kena lho.\n\nBrarti ada indikasi kebocoran data gk sih??? Trus disuruh byr ganti kartunya 50k huwooo mantappu ya :)'"
2021-11-10 04:03:46+00:00,1458284219357011977,Sis,"b'Kebocoran data Jenius yang dulu itu emang parah sih. So far, gw nggak kena sih. Tapi, apa gw blokir dan minta ganti kartu aja gitu ya...'"
2021-11-10 03:30:52+00:00,1458275940983721985,–¢–∏–Ω–∞,b'RT @mineisel: @txtdarionlshop @JeniusConnect Br bgt minggu lalu n bbrp bulan lalu. merchant yg sm sekali gw gatau. Cs ngotot blg gw daftar\xe2\x80\xa6'
2021-11-10 02:09:48+00:00,1458255539813556225,@Distro Bandung,b'RT @HambaAllah_411: Dari Penipuan efektifitas Vaksin Cavid -19 sampai demgan kebocoran data \xf0\x9f\xa4\x94\n\nPfizer lainnya mengungkapkan bagaimana perus\xe2\x80\xa6'
2021-11-10 01:36:38+00:00,1458247192380989440,Prima M,b'RT @mineisel: @txtdarionlshop @JeniusConnect Br bgt minggu lalu n bbrp bulan lalu. merchant yg sm sekali gw gatau. Cs ngotot blg gw daftar\xe2\x80\xa6'
2021-11-10 01:06:20+00:00,1458239568549797888,Tony Thamrin,"b'2 dari 3 warga \xf0\x9f\x87\xae\xf0\x9f\x87\xa9 pernah mengalami kebocoran data akibat password yang lemah (mudah ditebak).  Gunakanlah kata sandi gabungan huruf, angka atau kombinasi huruf kapital. Semakin alay password akan makin baik. #IndonesiaMakinCakapDigital #LiterasiDigital https://t.co/5NZ4WFo0ie'"
2021-11-10 01:00:25+00:00,1458238077428645894,Capt. Digiboy üëÅÔ∏è‚É§,"b'@txtdarionlshop @JeniusConnect Kebocoran data ini mah.... kalau ternyata kebocoran data gitu, mereka harus bayar minimal berapa ke nasabah yg terdampak y?'"
2021-11-09 21:18:07+00:00,1458182136918208518,"Adin,AdinaArjun",b'RT @HambaAllah_411: Dari Penipuan efektifitas Vaksin Cavid -19 sampai demgan kebocoran data \xf0\x9f\xa4\x94\n\nPfizer lainnya mengungkapkan bagaimana perus\xe2\x80\xa6'
2021-11-09 17:39:19+00:00,1458127074518986757,john lesmes,b'RT @Dynbnyy: Kalau mau upload KTP ditandain dulu biar bisa dilacak kalo besok jadi korban kebocoran data. \n\nBagaimana caranya?\n\n[A Thread]\xe2\x80\xa6'
2021-11-09 15:51:37+00:00,1458099969987121163,dracan,b'RT @mineisel: @txtdarionlshop @JeniusConnect Br bgt minggu lalu n bbrp bulan lalu. merchant yg sm sekali gw gatau. Cs ngotot blg gw daftar\xe2\x80\xa6'
2021-11-09 14:30:50+00:00,1458079640858370062,eh,b'@txtdarionlshop @JeniusConnect Br bgt minggu lalu n bbrp bulan lalu. merchant yg sm sekali gw gatau. Cs ngotot blg gw daftar langganan d merchant itu. Udh d jlsin gw gatau sm skali. Gw protes klo brrti ada kebocoran data nmr kartu n cvv gw. Nlpn cs smpe abis pulsa +50k. Msh hrs  bayar 50k utk ganti nmr kartu. https://t.co/W4Cv5R8aOr'
2021-11-09 13:50:00+00:00,1458069362632503299,Harian Kompas,b'Subdirektorat Siber Ditreskrimsus Polda Banten menelusuri kebocoran data pribadi 815 guru SMA sederajat di Kabupaten Tangerang. Seorang terduga pembocor data tersebut masih menjalani pemeriksaan. #Metropolitan #AdadiKompas @wisnudany_ \n\nhttps://t.co/rKOAOBkwkO'
2021-11-09 11:57:25+00:00,1458041031513894921,Dika,"b'@JeniusConnect @ajenghimme lu yang punya masalah kebocoran data malah nyuruh nasabah yang nyelesaiin ke amazon, sarap.'"
2021-11-09 11:07:27+00:00,1458028456537583621,fat bishounen,b'Daripada mesin ginian mending urusin kebocoran data rakyat dari server BPJS sama tokped deh \xf0\x9f\x99\x84\xf0\x9f\x99\x84\xf0\x9f\x99\x84 Kominfo nih isinya kayanya udh terlalu ancient buat ngikutin perkembangan teknologi jadi hal kaya cyber security sama privacy protection nya ga diperhatiin \xf0\x9f\x99\x84\xf0\x9f\x99\x84\xf0\x9f\x99\x84 https://t.co/7GAnyip1W6'
2021-11-09 10:23:47+00:00,1458017466903236612,Irfan Lestaluhu,b'RT @HambaAllah_411: Dari Penipuan efektifitas Vaksin Cavid -19 sampai demgan kebocoran data \xf0\x9f\xa4\x94\n\nPfizer lainnya mengungkapkan bagaimana perus\xe2\x80\xa6'
2021-11-09 09:37:52+00:00,1458005913063727106,Andy Wijaya (ÈªÑÊïôÊòé),"b'kebocoran data is real xixixi\nHow can an orphanage text me, how do they get my number?'"
2021-11-09 09:36:35+00:00,1458005587678023684,twiterku,"b'@razikirawan @JeniusConnect @jeniushelp Hm, apakah ini berarti ada pengakuan scr implisit bhw benar mmng terjadi kebocoran data? lol'"
2021-11-09 08:22:27+00:00,1457986934135934981,Abdi Proklamasi,b'RT @HambaAllah_411: Dari Penipuan efektifitas Vaksin Cavid -19 sampai demgan kebocoran data \xf0\x9f\xa4\x94\n\nPfizer lainnya mengungkapkan bagaimana perus\xe2\x80\xa6'
2021-11-09 08:12:48+00:00,1457984505575186433,Liputan12.id,b'Polda Banten Usut Kebocoran Data Guru Milik Dinas Pendidikan dan Kebudayaan Provinsi Banten https://t.co/QMOrsnO3Ps lewat @liputan12id'
2021-11-09 08:06:41+00:00,1457982966173519872,mediarealitas.com,b'Polisi Usut Kebocoran Data Guru Milik Dindikbud Provinsi\xc2\xa0Banten https://t.co/1zTiYsVOLr'
2021-11-09 08:05:38+00:00,1457982701462458375,datariau.com,"b'Ratusan Data Guru di Kabupaten Tangerang Alami Kebocoran, Polisi : Ini Kasus Illegal Access https://t.co/UQP7wIej8v'"
2021-11-09 08:00:50+00:00,1457981490759802881,made,"b'Well, semoga pemerintah semakin gercep buat nyelesaiin berbagai kasus yang ada kaitannya dengan data pribadi masyarakat. Sebab, bukan hanya kejadian seperti sender aja yang krusial, tetapi kebocoran data kita juga sering banget lewat di timeline beritanya.'"
2021-11-09 08:00:07+00:00,1457981314125033474,lutfi fars hidayat,b'Pengawasan Perbaikan Kebocoran Kantor Dinas Perindustrian dan Perdagangan Provinsi Jawa Timur (09/Nov) #tender #lelang #LPSE #data https://t.co/SocE4M9xUf'
2021-11-09 07:57:56+00:00,1457980763257802754,Kendi sinambela‚ôî,b'RT @HambaAllah_411: Dari Penipuan efektifitas Vaksin Cavid -19 sampai demgan kebocoran data \xf0\x9f\xa4\x94\n\nPfizer lainnya mengungkapkan bagaimana perus\xe2\x80\xa6'
2021-11-09 07:44:26+00:00,1457977367209525249,üè¥ ùï¨ùñêùñö ùï¨ùñâùñÜùñëùñÜùñç ùï¨ùñêùñö,"b'Dari Penipuan efektifitas Vaksin Cavid -19 sampai demgan kebocoran data \xf0\x9f\xa4\x94\n\nPfizer lainnya mengungkapkan bagaimana perusahaan menggunakan sel janin yang diaborsi dalam ""vaksin"" COVID-19\xc2\xa0Pfizer berusaha menyembunyikan fakta ini dari publik.\n#PfizerGate  https://t.co/4JLzVNvXyh'"
2021-11-09 04:58:08+00:00,1457935515093647364,wingwing,b'@UPIfess Kalo akulaku gatau tp pernah daftar kredivo eh terjadi kebocoran data'
2021-11-09 04:10:02+00:00,1457923411456376833,okinawasuit,b'RT @ismailfahmi: Ini anjay peminatnya banyak banget. Jatah 500 sudah mau habis. \xf0\x9f\x90\xb7\xf0\x9f\x90\x96\xf0\x9f\x90\x97\xf0\x9f\x92\x80\xf0\x9f\x91\xbb\n\nApakah karena ini didorong oleh banyaknya kekecewaan\xe2\x80\xa6'
2021-11-09 03:11:46+00:00,1457908745271316484,fucksin,b'@Bento263 @GunRomli pernah\nhttps://t.co/HWyT3JdnQH'
2021-11-09 02:23:09+00:00,1457896511082151937,Direktori Dosen,b'https://t.co/jJLVDEvcau'
2021-11-09 02:18:49+00:00,1457895420953169926,Oni A Rasyad,"b'@mrs_enci Banyak aplikasi pihak ke -3 yang bisa sortir input an no HP apakah ada WA nya atau tidak.... jadi ngga mesti itu dari kebocoran data...\n\nBukti nya si pengirim tidak tahu nama yang punya nomor siapa... kalau dari database bocor, pasti ada nama Teteh disana'"
2021-11-09 02:14:24+00:00,1457894311412973569,Habib,b'RT @ismailfahmi: Ini anjay peminatnya banyak banget. Jatah 500 sudah mau habis. \xf0\x9f\x90\xb7\xf0\x9f\x90\x96\xf0\x9f\x90\x97\xf0\x9f\x92\x80\xf0\x9f\x91\xbb\n\nApakah karena ini didorong oleh banyaknya kekecewaan\xe2\x80\xa6'
2021-11-09 01:22:52+00:00,1457881342461415425,Syamsuddin,b'RT @republikaonline: Polisi sebut belum ada laporan secara resmi mengenai kasus kebocoran data guru. https://t.co/jhevQuTfwR'
2021-11-09 01:17:30+00:00,1457879990679130112,Republika.co.id,b'Polisi sebut belum ada laporan secara resmi mengenai kasus kebocoran data guru. https://t.co/jhevQuTfwR'
2021-11-09 01:00:09+00:00,1457875624362610694,Rasya hadid,"b'@JeniusConnect @Rafikafm Kan kebocoran data salah @JeniusConnect kenapa nasabahnya yang jadi ribetin ini itu ? Tanggung jawab lah , bank yang salah ya bank yang tanggung jawab. Bukan memperburuk keadaan.  Heran deh'"
2021-11-08 23:37:28+00:00,1457854815887781893,tyasu,b'RT @ismailfahmi: Ini anjay peminatnya banyak banget. Jatah 500 sudah mau habis. \xf0\x9f\x90\xb7\xf0\x9f\x90\x96\xf0\x9f\x90\x97\xf0\x9f\x92\x80\xf0\x9f\x91\xbb\n\nApakah karena ini didorong oleh banyaknya kekecewaan\xe2\x80\xa6'
2021-11-08 22:12:03+00:00,1457833322264948740,Popbela.com,b'Maraknya kejahatan siber di situasi serba online https://t.co/jXp0n7kD4y'
2021-11-08 21:30:18+00:00,1457822812257746944,Laisya Mayeda,b'@timeismyocard Jangan2 diambil dr kebocoran data nih na wkwk.'
2021-11-08 16:16:47+00:00,1457743913289093127,mas anom bekel,"b'@muhisyamku @SiriliusKevin Semua pasti ngeklaim tdk menyalah gunakan data.Resiko kebocoran data bukan hanya berasal dari si pihak ketika secara ""penyedia layanan"" tapi bisa dari oknum ygg mampu masuk ke sistemnya. Namanya sudah masuk ke layanan umum di dunia informatika resiko data disalahgunakan diatas70%'"
2021-11-08 13:48:35+00:00,1457706619517562883,bapachaky,b'RT @tempodotco: Dinas Pendidikan Provinsi Banten memanggil seorang oknum pegawai yang diduga mengunggah data pribadi ratusan guru Kabupaten\xe2\x80\xa6'
2021-11-08 13:17:57+00:00,1457698910927929349,Radio Sonora Jakarta,b'20.17 #BeritaSONORA - Data pribadi 815 guru SMA atau sederajat di Kabupaten Tangerang bocor ke dunia maya. Data pembukaan rekening kolektif untuk pembuatan buku tabungan itu tersebar lewat laman penyimpanan dokumen berbasis online. #AdadiKompas @wisnudany_\nhttps://t.co/qFLs4spihI'
2021-11-08 13:10:32+00:00,1457697042646458368,PEMKOT BOGOR | #BogorBerlari,"b'Bogorian, berikut tips aman mencegah kebocoran data, keamanan perangkat mobile, dan pembajakan whatsapp.\n\n#pemkotbogor #bogorberlari https://t.co/Kf9cyE3vqa'"
2021-11-08 13:10:00+00:00,1457696908550410240,Harian Kompas,b'Data pribadi 815 guru SMA atau sederajat di Kabupaten Tangerang bocor ke dunia maya. Data pembukaan rekening kolektif untuk pembuatan buku tabungan itu tersebar lewat laman penyimpanan dokumen berbasis online. #Metropolitan #AdadiKompas @wisnudany_\n\nhttps://t.co/TKM9PVqqJp'
2021-11-08 09:55:08+00:00,1457647867837894658,Kenzie Ryvantya,b'Setuju banget sama poin kedua: pertahanan siber dan bawah laut.\n\nPerlu berapa kasus kebocoran data lembaga negara lagi atau kasus kebobolan underwater security lagi sampe kita bener-bener serius nanggepin dua kelemahan itu? https://t.co/I3QhI7rBmD'
2021-11-08 09:51:11+00:00,1457646875784335363,Ucup,"b'Yang kata nya udah senior di kantor tersebut, badan doang gede otak kecil\nSerta ada atasan yang meminta KTP pada karyawannya untuk mendaftarkan wifi di rudis esselon tanpa mikir jamannya kebocoran data\nSehat kah?'"
2021-11-08 09:27:51+00:00,1457641004585013253,kakanda yayuk,"b'@kontakBRI Ini yg paling riskan kebocoran data kode OTP, lebih hati-hati yahhh'"
2021-11-08 08:54:33+00:00,1457632623140892684,"Wirasurya, Tsaruni","b'\xef\xb8\x8f\xef\xb8\x8f \xef\xb8\x8f\xef\xb8\x8f\n\xef\xb8\x8f\xef\xb8\x8f\n\n\xc2\xa0 \xef\xb8\x8f\xef\xb8\x8f\n\nKeluarganya memang tidak mau ambil pusing perihal keamanan, mereka selalu memberikan gedung dengan keamanan tinggi. Kebocoran data adalah hal yang paling dihindari.\n\xef\xb8\x8f\xef\xb8\x8f \xef\xb8\x8f\xef\xb8\x8f\n\xef\xb8\x8f\xef\xb8\x8f\n\n\xc2\xa0 \xef\xb8\x8f\xef\xb8\x8f\n\n\xc2\xa0 \xef\xb8\x8f\xef\xb8\x8f'"
2021-11-08 08:14:31+00:00,1457622547869024260,TEMPO.CO,b'Dinas Pendidikan Provinsi Banten memanggil seorang oknum pegawai yang diduga mengunggah data pribadi ratusan guru Kabupaten Tangerang ke situs vbookpub. #TempoMetro https://t.co/qjuuWQI6fj'
2021-11-08 07:39:32+00:00,1457613745757118466,„Ç§„Çπ„Éü,"b'RT @moulanapanji: @Dcmkfess Security Planning Division (\xe8\xad\xa6\xe5\x82\x99\xe4\xbc\x81\xe7\x94\xbb\xe8\xaa\xb2). Divisi yang bertugas mencegah teror, menangani kebocoran data intelijen, da\xe2\x80\xa6'"
2021-11-08 06:56:05+00:00,1457602810913067010,„Ç´„É≥„Ç∫ ||,"b'Gimana kalo share link pake GD, tapi ga open akses? Terus cuma bisa distream ga bisa didownload \xf0\x9f\x99\x84 T-tapi pasti ada aja tuh jalan mereka\n\nGimana si solusi buat kebocoran data gini \xf0\x9f\x98\xa4 ngeselin soalnya'"
2021-11-08 06:50:26+00:00,1457601386858774528,Panji Moulana,"b'@Dcmkfess Security Planning Division (\xe8\xad\xa6\xe5\x82\x99\xe4\xbc\x81\xe7\x94\xbb\xe8\xaa\xb2). Divisi yang bertugas mencegah teror, menangani kebocoran data intelijen, dan membantu jika ada bencana. \n\nDalam divisinya dia, Rei wajib melaporkan secara langsung kepada kepala PSB/ Komisaris Jenderal Polisi setelah misinya'"
2021-11-08 06:35:40+00:00,1457597672475414531,dracan,b'@jeniushelp @hypegone Gundulmu itu yang kebocoran data nasabah tapi ga ngaku'
2021-11-08 03:29:12+00:00,1457550746413531145,MSCR,"b'API (Application Programming Interface) dan bukannya kebocoran pada pangkalan data MySejahtera.""'"
2021-11-08 02:47:45+00:00,1457540315921862661,Syamsuddin,b'RT @tempodotco: Kebocoran data pribadi ratusan guru di Kabupaten Tangerang sedang ditangani oleh Dinas Pendidikan dan Kebudayaan Provinsi B\xe2\x80\xa6'
2021-11-08 02:41:09+00:00,1457538651907256322,TEMPO.CO,b'Kebocoran data pribadi ratusan guru di Kabupaten Tangerang sedang ditangani oleh Dinas Pendidikan dan Kebudayaan Provinsi Banten.  #TempoMetro https://t.co/y8jJQmtoMe'
2021-11-08 02:40:23+00:00,1457538462865780739,ELSAM Indonesia,b'Peneliti ELSAM Shevierra Danmadiyah mengatakan pemerintah harus terbuka dan memberikan informasi kasus kebocoran data kepada masyarakat sampai kasus kebocoran data selesai.\n\n#DataBreaches \nhttps://t.co/YKA9lu1xO0'
